,企業名,ティッカー,stock_diff,年度,株価の変化率,負債,end_date+60日の株価,企業価値,end_dateの日の株価,有利子負債/総資産比率,有形固定資産,キャッシュ時価総額比率,純資産,クラスタリング
0,"ウェルスナビ株式会社",7342.0,36.08617594254937,2019.0,9,9,9,10,8,5,2.0,3,9,10
1,"ウェルスナビ株式会社",7342.0,25.94417077175698,2020.0,9,10,9,10,9,5,5.0,2,9,8
2,"株式会社ＡＳＪ",2351.0,23.36664104534973,2018.0,9,5,6,6,6,1,9.0,3,8,8
3,"株式会社ＡＳＪ",2351.0,0.128369704749679,2018.0,6,5,7,7,6,1,9.0,2,8,8
4,"株式会社ＡＳＪ",2351.0,9.8531211750306,2018.0,8,5,7,7,9,4,9.0,2,7,8
5,"株式会社ＡＳＪ",2351.0,10.473537604456824,2019.0,8,6,8,7,7,4,9.0,2,7,8
6,"株式会社ＡＳＪ",2351.0,-15.00253421186011,2019.0,3,6,8,7,7,5,9.0,2,7,2
7,"株式会社ＡＳＪ",2351.0,-3.4951456310679614,2019.0,5,6,7,7,8,5,9.0,3,7,2
8,"株式会社ＡＳＪ",2351.0,-22.918100481761872,2019.0,2,6,7,7,4,5,9.0,2,7,8
9,"株式会社ＡＳＪ",2351.0,-22.5,2020.0,2,6,6,6,6,5,9.0,4,7,2
10,"株式会社ＡＳＪ",2351.0,-4.377880184331797,2020.0,5,6,5,5,6,5,9.0,4,7,8
11,"株式会社ＡＳＪ",2351.0,56.20347394540944,2020.0,10,6,4,4,4,5,9.0,5,7,4
12,"株式会社ＡＳＪ",2351.0,-27.67497988736927,2020.0,1,6,6,6,6,5,9.0,3,7,2
13,"GMO TECH株式会社",6026.0,-21.59090909090909,2018.0,2,2,8,1,9,1,2.0,5,2,7
14,"GMO TECH株式会社",6026.0,-1.391304347826087,2018.0,6,2,7,1,8,1,2.0,8,2,7
15,"GMO TECH株式会社",6026.0,3.34750265674814,2018.0,7,2,8,1,6,1,2.0,8,2,7
16,"GMO TECH株式会社",6026.0,0.4102564102564102,2019.0,6,3,8,1,8,1,2.0,8,2,7
17,"GMO TECH株式会社",6026.0,2.247191011235955,2019.0,7,2,8,1,7,1,1.0,7,2,7
18,"GMO TECH株式会社",6026.0,-20.453400503778337,2019.0,2,2,8,1,8,1,2.0,7,2,7
19,"GMO TECH株式会社",6026.0,2.9960053262316912,2019.0,7,2,7,1,8,1,2.0,9,2,7
20,"GMO TECH株式会社",6026.0,100.0,2020.0,10,3,7,1,6,1,2.0,9,2,7
21,"GMO TECH株式会社",6026.0,-13.14569536423841,2020.0,3,2,9,2,10,1,2.0,5,2,7
22,"GMO TECH株式会社",6026.0,-17.49904689287076,2020.0,3,2,9,2,9,1,2.0,5,2,7
23,"GMO TECH株式会社",6026.0,8.161350844277674,2020.0,8,3,8,1,8,1,1.0,6,2,7
24,"株式会社トランザス",6696.0,-39.48051948051948,2018.0,1,1,6,2,7,1,2.0,8,4,7
25,"株式会社トランザス",6696.0,95.85121602288984,2018.0,10,1,3,1,5,1,2.0,9,3,7
26,"株式会社トランザス",6696.0,-28.85317750182615,2018.0,1,1,6,3,5,1,3.0,6,3,7
27,"株式会社トランザス",6696.0,-14.743589743589745,2019.0,3,1,5,1,6,1,3.0,8,3,7
28,"株式会社トランザス",6696.0,66.19385342789597,2019.0,10,1,4,1,5,1,4.0,8,3,7
29,"株式会社トランザス",6696.0,-62.09103840682788,2019.0,1,1,6,3,6,1,4.0,6,3,7
30,"株式会社トランザス",6696.0,57.035647279549714,2019.0,10,1,3,1,6,3,3.0,9,3,7
31,"株式会社ピースリー（旧会社名　株式会社トランザス）",6696.0,0.2389486260454002,2020.0,6,1,4,1,4,1,6.0,7,3,7
32,"株式会社ピースリー（旧会社名　株式会社トランザス）",6696.0,36.829268292682926,2020.0,9,1,4,2,3,5,6.0,6,3,7
33,"株式会社ピースリー（旧会社名　株式会社トランザス）",6696.0,-21.052631578947366,2020.0,2,1,5,2,7,5,6.0,5,2,7
34,"株式会社ピースリー（旧会社名　株式会社トランザス）",6696.0,-21.487603305785125,2020.0,2,1,4,2,5,6,6.0,5,2,7
35,"そーせいグループ株式会社",4565.0,10.748560460652593,2018.0,8,10,5,10,6,6,"",8,10,6
36,"そーせいグループ株式会社",4565.0,68.7866108786611,2018.0,10,10,6,10,5,6,10.0,6,10,8
37,"そーせいグループ株式会社",4565.0,51.538925769462885,2019.0,10,10,7,10,7,6,10.0,5,10,8
38,"そーせいグループ株式会社",4565.0,-7.12863401035444,2019.0,5,10,9,10,9,6,10.0,3,10,2
39,"そーせいグループ株式会社",4565.0,-7.490144546649145,2019.0,5,10,9,10,9,6,10.0,4,10,2
40,"そーせいグループ株式会社",4565.0,-6.559083810515356,2019.0,5,10,8,10,8,5,10.0,4,10,8
41,"そーせいグループ株式会社",4565.0,-23.006465517241377,2020.0,2,10,8,10,6,4,10.0,4,10,8
42,"そーせいグループ株式会社",4565.0,-2.44926522043387,2020.0,6,10,7,10,7,4,10.0,5,10,8
43,"そーせいグループ株式会社",4565.0,34.28981348637016,2020.0,9,10,6,10,7,4,10.0,9,10,8
44,"そーせいグループ株式会社",4565.0,-15.173172072567343,2020.0,3,10,8,10,7,4,10.0,8,10,8
45,"ウェルビー株式会社",6556.0,-8.77094972067039,2018.0,4,5,8,9,8,6,7.0,1,6,2
46,"ウェルビー株式会社",6556.0,1.432129514321295,2018.0,7,5,7,9,7,6,7.0,1,7,8
47,"ウェルビー株式会社",6556.0,14.303638644918443,2018.0,8,5,7,9,7,6,7.0,2,7,8
48,"ウェルビー株式会社",6556.0,-11.964873765093303,2019.0,4,4,8,9,8,5,7.0,1,7,10
49,"ウェルビー株式会社",6556.0,9.16923076923077,2019.0,8,5,7,9,7,5,7.0,2,8,8
50,"ウェルビー株式会社",6556.0,-8.666256914566688,2019.0,4,4,7,9,7,5,8.0,2,8,8
51,"ウェルビー株式会社",6556.0,11.368142762723068,2019.0,8,5,7,9,7,5,8.0,2,8,8
52,"ウェルビー株式会社",6556.0,-7.121661721068249,2020.0,5,4,7,9,7,4,8.0,1,8,8
53,"ウェルビー株式会社",6556.0,-6.325878594249201,2020.0,5,4,7,9,7,4,8.0,2,8,8
54,"ウェルビー株式会社",6556.0,-1.939799331103679,2020.0,6,4,7,9,7,4,8.0,2,9,8
55,"ウェルビー株式会社",6556.0,-10.271703114645462,2020.0,4,4,7,9,7,4,8.0,2,9,8
56,"株式会社ファンデリー",3137.0,-7.173356105892399,2018.0,5,2,6,4,7,1,8.0,7,7,7
57,"株式会社ファンデリー",3137.0,66.47173489278752,2018.0,10,2,5,3,5,1,8.0,8,7,4
58,"株式会社ファンデリー",3137.0,2.3060796645702304,2018.0,7,6,7,6,6,8,9.0,7,7,2
59,"株式会社ファンデリー",3137.0,-18.64754098360656,2019.0,2,8,7,6,7,7,10.0,7,7,2
60,"株式会社ファンデリー",3137.0,-19.11886949293433,2019.0,2,9,6,6,7,9,10.0,8,8,2
61,"株式会社ファンデリー",3137.0,-17.420596727622716,2019.0,3,9,5,6,7,9,10.0,8,8,2
62,"株式会社ファンデリー",3137.0,-5.973715651135006,2019.0,5,9,4,6,4,10,10.0,9,8,5
63,"株式会社ファンデリー",3137.0,-24.77763659466328,2020.0,2,9,4,6,4,10,10.0,7,8,5
64,"株式会社ファンデリー",3137.0,7.432432432432432,2020.0,8,9,3,5,4,10,10.0,7,8,5
65,"株式会社ファンデリー",3137.0,5.728314238952537,2020.0,7,9,3,6,3,10,10.0,6,7,5
66,"株式会社ファンデリー",3137.0,-11.335403726708076,2020.0,4,9,3,6,3,10,10.0,5,7,5
67,"オンコセラピー・サイエンス株式会社",4564.0,-15.286624203821656,2018.0,3,2,1,8,1,1,8.0,7,9,1
68,"オンコセラピー・サイエンス株式会社",4564.0,-21.58273381294964,2018.0,2,2,1,7,1,1,7.0,7,9,1
69,"オンコセラピー・サイエンス株式会社",4564.0,1.8691588785046729,2018.0,7,3,1,7,1,1,6.0,8,9,1
70,"オンコセラピー・サイエンス株式会社",4564.0,-17.431192660550458,2019.0,3,2,1,7,1,1,6.0,8,9,1
71,"オンコセラピー・サイエンス株式会社",4564.0,-14.130434782608695,2019.0,3,2,1,6,1,1,6.0,8,9,1
72,"オンコセラピー・サイエンス株式会社",4564.0,49.333333333333336,2019.0,10,2,1,6,1,1,6.0,9,9,1
73,"オンコセラピー・サイエンス株式会社",4564.0,38.775510204081634,2019.0,9,2,1,7,1,1,6.0,8,9,1
74,"オンコセラピー・サイエンス株式会社",4564.0,-5.88235294117647,2020.0,5,2,1,8,1,1,6.0,6,9,1
75,"オンコセラピー・サイエンス株式会社",4564.0,2.34375,2020.0,7,2,1,8,1,1,6.0,5,8,1
76,"オンコセラピー・サイエンス株式会社",4564.0,-13.076923076923078,2020.0,3,2,1,8,1,1,6.0,5,8,1
77,"オンコセラピー・サイエンス株式会社",4564.0,-26.31578947368421,2020.0,2,2,1,8,1,1,6.0,5,8,1
78,"株式会社エルテス",3967.0,50.72866065232478,2018.0,10,1,7,5,7,4,5.0,5,5,7
79,"株式会社エルテス",3967.0,-30.616942909760592,2018.0,1,1,8,6,8,4,5.0,4,5,3
80,"株式会社エルテス",3967.0,25.215660252156603,2018.0,9,1,7,5,8,4,5.0,5,5,7
81,"株式会社エルテス",3967.0,1.9791094007696537,2019.0,7,1,8,6,7,4,5.0,4,5,10
82,"株式会社エルテス",3967.0,29.728230726566835,2019.0,9,2,8,6,7,4,5.0,5,5,10
83,"株式会社エルテス",3967.0,-41.684480547242416,2019.0,1,2,9,6,8,4,4.0,4,5,3
84,"株式会社エルテス",3967.0,-7.404692082111437,2019.0,5,2,6,4,7,4,4.0,6,5,7
85,"株式会社エルテス",3967.0,-2.448657187993681,2020.0,6,2,6,4,8,4,4.0,6,5,7
86,"株式会社エルテス",3967.0,-9.63265306122449,2020.0,4,1,6,4,6,4,4.0,5,5,7
87,"株式会社エルテス",3967.0,21.499548328816623,2020.0,9,1,6,4,6,4,3.0,5,5,7
88,"株式会社エルテス",3967.0,-17.431192660550458,2020.0,3,5,6,5,6,8,5.0,5,4,2
89,"株式会社アドバンスト・メディア",3773.0,5.429594272076373,2018.0,7,5,7,8,8,4,5.0,8,10,10
90,"株式会社アドバンスト・メディア",3773.0,-15.474112856311809,2018.0,3,4,7,9,7,4,5.0,7,10,10
91,"株式会社アドバンスト・メディア",3773.0,-28.945645055664706,2018.0,1,5,7,8,7,4,5.0,7,10,10
92,"株式会社アドバンスト・メディア",3773.0,8.940092165898617,2019.0,8,5,6,7,6,4,5.0,9,10,1
93,"株式会社アドバンスト・メディア",3773.0,-9.150865622423742,2019.0,4,6,6,7,5,4,7.0,8,10,8
94,"株式会社アドバンスト・メディア",3773.0,-2.087114337568058,2019.0,6,5,6,7,6,4,7.0,8,10,8
95,"株式会社アドバンスト・メディア",3773.0,-11.553398058252426,2019.0,4,5,5,7,4,4,7.0,9,10,1
96,"株式会社アドバンスト・メディア",3773.0,-15.806805708013172,2020.0,3,5,5,6,5,1,7.0,9,10,1
97,"株式会社アドバンスト・メディア",3773.0,13.428943937418511,2020.0,8,5,4,5,5,1,7.0,10,10,1
98,"株式会社アドバンスト・メディア",3773.0,-10.454545454545451,2020.0,4,5,5,6,4,1,7.0,9,10,1
99,"株式会社アドバンスト・メディア",3773.0,-11.901840490797548,2020.0,4,5,4,5,4,1,7.0,10,10,1
100,"株式会社自律制御システム研究所",6232.0,26.72521957340025,2018.0,9,1,10,9,9,1,3.0,4,9,10
101,"株式会社自律制御システム研究所",6232.0,-36.31578947368421,2018.0,1,1,10,9,9,1,3.0,3,9,10
102,"株式会社自律制御システム研究所",6232.0,-9.289256198347108,2019.0,4,1,9,9,10,1,3.0,5,9,10
103,"株式会社自律制御システム研究所",6232.0,18.4115523465704,2019.0,9,1,9,9,9,1,3.0,5,9,10
104,"株式会社自律制御システム研究所",6232.0,-15.527950310559005,2019.0,3,1,9,9,9,1,3.0,4,9,10
105,"株式会社自律制御システム研究所",6232.0,-26.94942903752039,2019.0,1,1,9,9,8,1,3.0,4,9,10
106,"株式会社自律制御システム研究所",6232.0,14.247431889236267,2020.0,8,1,8,8,8,1,4.0,5,9,10
107,"株式会社自律制御システム研究所",6232.0,11.571540265832684,2020.0,8,1,9,9,9,1,4.0,4,9,10
108,"株式会社自律制御システム研究所",6232.0,-7.009174311926605,2020.0,5,1,9,9,9,1,"",3,8,10
109,"株式会社ＡＣＳＬ（旧会社名　株式会社自律制御システム研究所）",6232.0,-17.333333333333336,2020.0,3,2,9,9,9,1,"",3,8,10
110,"神戸天然物化学株式会社",6568.0,-16.402877697841728,2018.0,3,8,8,7,9,6,10.0,7,10,2
111,"神戸天然物化学株式会社",6568.0,-21.929824561403507,2018.0,2,8,7,7,7,6,10.0,7,10,2
112,"神戸天然物化学株式会社",6568.0,7.0274636510500805,2018.0,7,8,6,5,7,5,10.0,8,10,8
113,"神戸天然物化学株式会社",6568.0,6.188679245283018,2019.0,7,7,6,6,7,5,10.0,7,10,8
114,"神戸天然物化学株式会社",6568.0,1.278409090909091,2019.0,6,6,7,6,6,5,10.0,3,10,8
115,"神戸天然物化学株式会社",6568.0,3.422818791946309,2019.0,7,8,7,7,7,6,10.0,4,10,8
116,"神戸天然物化学株式会社",6568.0,2.967741935483871,2019.0,7,8,7,7,5,6,10.0,4,10,8
117,"神戸天然物化学株式会社",6568.0,2.1929824561403506,2020.0,7,8,7,7,7,6,10.0,4,10,8
118,"神戸天然物化学株式会社",6568.0,-11.220110361741265,2020.0,4,7,7,7,7,5,10.0,4,10,8
119,"神戸天然物化学株式会社",6568.0,-5.77305905773059,2020.0,5,8,7,7,7,6,10.0,5,10,8
120,"神戸天然物化学株式会社",6568.0,-18.067226890756302,2020.0,3,8,7,6,7,6,10.0,6,10,2
121,"弁護士ドットコム株式会社",6027.0,11.11111111111111,2018.0,8,2,9,10,10,1,5.0,1,5,10
122,"弁護士ドットコム株式会社",6027.0,43.72523117569353,2018.0,10,2,10,10,9,1,5.0,1,5,10
123,"弁護士ドットコム株式会社",6027.0,-22.99065420560748,2018.0,2,2,10,10,10,1,5.0,1,6,10
124,"弁護士ドットコム株式会社",6027.0,35.19417475728155,2019.0,9,2,10,10,10,1,5.0,1,6,10
125,"弁護士ドットコム株式会社",6027.0,-10.483870967741936,2019.0,4,3,10,10,10,1,5.0,1,6,10
126,"弁護士ドットコム株式会社",6027.0,80.1526717557252,2019.0,10,2,10,10,10,1,5.0,1,6,10
127,"弁護士ドットコム株式会社",6027.0,26.02100350058343,2019.0,9,2,10,10,10,1,5.0,1,6,10
128,"弁護士ドットコム株式会社",6027.0,6.203703703703703,2020.0,7,2,10,10,10,1,5.0,1,6,10
129,"弁護士ドットコム株式会社",6027.0,-3.4873583260680032,2020.0,5,3,10,10,10,1,5.0,1,6,10
130,"弁護士ドットコム株式会社",6027.0,-12.525879917184266,2020.0,4,3,10,10,10,1,5.0,1,7,10
131,"弁護士ドットコム株式会社",6027.0,-28.47141190198366,2020.0,1,5,10,10,10,1,5.0,1,6,10
132,"ソーシャルワイヤー株式会社",3929.0,9.343936381709742,2018.0,8,7,5,4,6,7,8.0,4,3,9
133,"ソーシャルワイヤー株式会社",3929.0,-33.51351351351352,2018.0,1,7,6,5,6,8,8.0,4,3,2
134,"ソーシャルワイヤー株式会社",3929.0,8.485639686684072,2018.0,8,7,4,3,5,8,8.0,6,4,9
135,"ソーシャルワイヤー株式会社",3929.0,10.348977135980746,2019.0,8,8,4,4,5,9,9.0,6,4,9
136,"ソーシャルワイヤー株式会社",3929.0,44.506726457399104,2019.0,10,8,5,5,4,9,9.0,6,4,9
137,"ソーシャルワイヤー株式会社",3929.0,-15.765069551777431,2019.0,3,9,6,6,6,9,9.0,4,4,2
138,"ソーシャルワイヤー株式会社",3929.0,9.251700680272108,2019.0,8,9,4,4,3,9,9.0,7,4,9
139,"ソーシャルワイヤー株式会社",3929.0,2.2415940224159403,2020.0,7,9,4,4,5,9,9.0,6,4,9
140,"ソーシャルワイヤー株式会社",3929.0,3.1668696711327646,2020.0,7,9,4,4,6,9,9.0,6,4,9
141,"ソーシャルワイヤー株式会社",3929.0,-20.09626955475331,2020.0,2,9,4,5,4,9,9.0,6,3,9
142,"ソーシャルワイヤー株式会社",3929.0,-0.4518072289156626,2020.0,6,9,3,4,4,9,9.0,7,3,9
143,"ビープラッツ株式会社",4381.0,80.71942446043165,2018.0,10,1,10,5,10,5,2.0,1,1,3
144,"ビープラッツ株式会社",4381.0,-46.74085850556439,2018.0,1,1,10,7,10,5,1.0,1,1,3
145,"ビープラッツ株式会社",4381.0,-19.82608695652174,2018.0,2,2,10,5,10,7,1.0,1,1,3
146,"ビープラッツ株式会社",4381.0,-21.40274765003615,2019.0,2,1,9,5,9,7,1.0,1,1,3
147,"ビープラッツ株式会社",4381.0,-37.13636363636363,2019.0,1,2,8,4,9,9,1.0,2,1,3
148,"ビープラッツ株式会社",4381.0,5.789473684210527,2019.0,7,2,6,2,8,9,1.0,3,1,3
149,"ビープラッツ株式会社",4381.0,82.18340611353712,2019.0,10,3,6,2,4,9,1.0,4,1,7
150,"ビープラッツ株式会社",4381.0,43.48034515819751,2020.0,10,3,8,4,8,9,1.0,2,1,3
151,"ビープラッツ株式会社",4381.0,-3.374540594721016,2020.0,5,3,9,5,9,9,1.0,1,1,3
152,"ビープラッツ株式会社",4381.0,-14.345351043643264,2020.0,3,3,9,5,9,9,1.0,2,1,3
153,"ビープラッツ株式会社",4381.0,-32.60504201680672,2020.0,1,3,9,4,9,9,1.0,2,1,3
154,"ＷＤＢココ株式会社",7079.0,-4.493996569468268,2018.0,5,2,9,4,9,3,1.0,5,2,3
155,"ＷＤＢココ株式会社",7079.0,23.772183243912508,2019.0,9,3,9,3,9,1,5.0,5,3,7
156,"ＷＤＢココ株式会社",7079.0,-0.4908835904628331,2019.0,6,3,9,4,9,3,5.0,5,3,7
157,"ＷＤＢココ株式会社",7079.0,49.04862579281184,2020.0,10,2,9,4,9,1,5.0,5,3,7
158,"ＷＤＢココ株式会社",7079.0,0.0,2020.0,6,2,10,6,10,1,5.0,3,4,10
159,"ＷＤＢココ株式会社",7079.0,-18.96135265700483,2020.0,2,3,10,6,10,1,5.0,4,4,10
160,"ＷＤＢココ株式会社",7079.0,21.815519765739385,2020.0,9,3,10,5,10,4,5.0,5,5,10
161,"株式会社Ｊストリーム",4308.0,21.369294605809127,2018.0,9,4,1,3,1,3,7.0,8,8,1
162,"株式会社Ｊストリーム",4308.0,-9.20138888888889,2018.0,4,5,1,3,1,3,7.0,8,8,1
163,"株式会社Ｊストリーム",4308.0,-0.1908396946564885,2018.0,6,5,1,3,1,4,7.0,9,8,4
164,"株式会社Ｊストリーム",4308.0,1.5296367112810707,2019.0,7,5,1,3,1,3,7.0,9,8,4
165,"株式会社Ｊストリーム",4308.0,81.66351606805293,2019.0,10,6,1,3,1,3,7.0,8,8,4
166,"株式会社Ｊストリーム",4308.0,51.86125211505922,2019.0,10,6,3,7,2,3,7.0,4,8,1
167,"株式会社Ｊストリーム",4308.0,98.86363636363636,2019.0,10,7,5,8,3,5,7.0,3,8,8
168,"株式会社Ｊストリーム",4308.0,34.69387755102041,2020.0,9,7,8,9,6,3,7.0,2,8,8
169,"株式会社Ｊストリーム",4308.0,-4.94949494949495,2020.0,5,7,9,10,7,3,7.0,2,9,8
170,"株式会社Ｊストリーム",4308.0,-1.901565995525727,2020.0,6,8,8,9,9,3,7.0,4,10,8
171,"株式会社Ｊストリーム",4308.0,-43.852364475201846,2020.0,1,8,8,9,9,4,7.0,4,10,2
172,"アディッシュ株式会社",7093.0,28.717698683569,2018.0,9,2,8,2,7,7,3.0,6,1,7
173,"アディッシュ株式会社",7093.0,28.717698683569,2018.0,9,2,8,2,7,7,3.0,6,1,7
174,"アディッシュ株式会社",7093.0,28.717698683569,2019.0,9,3,8,2,7,7,4.0,6,1,7
175,"アディッシュ株式会社",7093.0,28.717698683569,2019.0,9,3,8,2,7,7,4.0,6,1,7
176,"アディッシュ株式会社",7093.0,44.15781487101669,2020.0,10,3,8,2,7,7,4.0,6,1,7
177,"アディッシュ株式会社",7093.0,-27.71929824561404,2020.0,1,3,9,3,9,6,4.0,4,2,3
178,"アディッシュ株式会社",7093.0,-14.466019417475728,2020.0,3,3,8,2,9,6,4.0,6,2,7
179,"アディッシュ株式会社",7093.0,-10.797546012269938,2020.0,4,3,7,2,7,6,4.0,7,2,7
180,"株式会社ＦＲＯＮＴＥＯ",2158.0,-24.24969987995198,2018.0,2,10,4,9,5,9,8.0,4,9,5
181,"株式会社ＦＲＯＮＴＥＯ",2158.0,-43.0622009569378,2018.0,1,10,3,9,3,9,8.0,6,9,5
182,"株式会社ＦＲＯＮＴＥＯ",2158.0,-32.4468085106383,2018.0,1,10,2,8,3,9,8.0,8,9,5
183,"株式会社ＦＲＯＮＴＥＯ",2158.0,26.37795275590551,2019.0,9,10,1,7,2,10,8.0,9,8,5
184,"株式会社ＦＲＯＮＴＥＯ",2158.0,-4.702194357366771,2019.0,5,10,2,8,2,10,8.0,7,8,5
185,"株式会社ＦＲＯＮＴＥＯ",2158.0,98.2698961937716,2019.0,10,9,1,7,2,9,8.0,5,8,5
186,"株式会社ＦＲＯＮＴＥＯ",2158.0,113.4020618556701,2019.0,10,9,2,8,1,9,8.0,4,8,5
187,"株式会社ＦＲＯＮＴＥＯ",2158.0,-17.27053140096618,2020.0,3,9,4,9,4,10,9.0,2,8,5
188,"株式会社ＦＲＯＮＴＥＯ",2158.0,8.175182481751825,2020.0,8,9,3,9,4,10,9.0,3,8,5
189,"株式会社ＦＲＯＮＴＥＯ",2158.0,7.032348804500703,2020.0,8,9,4,9,3,9,9.0,4,8,5
190,"株式会社ＦＲＯＮＴＥＯ",2158.0,71.85792349726776,2020.0,10,9,4,9,4,9,9.0,4,9,5
191,"株式会社ホットリンク",3680.0,-36.05051664753157,2018.0,1,7,5,7,5,7,"",6,9,6
192,"株式会社ホットリンク",3680.0,-24.0072202166065,2018.0,2,5,3,5,5,5,"",6,9,6
193,"株式会社ホットリンク",3680.0,-15.587529976019184,2018.0,3,5,2,3,2,5,4.0,8,9,6
194,"株式会社ホットリンク",3680.0,-15.193370165745856,2019.0,3,7,2,4,2,7,4.0,8,9,6
195,"株式会社ホットリンク",3680.0,4.88599348534202,2019.0,7,7,1,3,2,7,4.0,8,8,6
196,"株式会社ホットリンク",3680.0,4.037267080745342,2019.0,7,8,2,4,1,7,4.0,8,8,6
197,"株式会社ホットリンク",3680.0,40.54878048780488,2019.0,10,8,2,3,2,7,4.0,9,8,4
198,"株式会社ホットリンク",3680.0,85.92814371257485,2020.0,10,8,2,3,1,6,4.0,8,8,4
199,"株式会社ホットリンク",3680.0,-4.186795491143317,2020.0,5,8,3,6,3,6,3.0,6,8,6
200,"株式会社ホットリンク",3680.0,-6.386554621848739,2020.0,5,8,3,6,3,6,3.0,6,8,6
201,"株式会社ホットリンク",3680.0,26.33333333333333,2020.0,9,8,3,6,2,8,3.0,7,8,6
202,"株式会社ユーザベース",3966.0,-1.7959495605655331,2018.0,6,9,9,10,9,9,7.0,3,6,2
203,"株式会社ユーザベース",3966.0,-2.915451895043732,2018.0,6,10,9,10,9,10,7.0,2,9,2
204,"株式会社ユーザベース",3966.0,-7.263197304380382,2018.0,5,10,9,10,7,9,7.0,3,9,2
205,"株式会社ユーザベース",3966.0,8.826013513513512,2019.0,8,10,9,10,9,10,7.0,3,9,2
206,"株式会社ユーザベース",3966.0,-22.42918121847109,2019.0,2,10,9,10,9,10,7.0,3,9,2
207,"株式会社ユーザベース",3966.0,1.4392059553349876,2019.0,7,10,8,10,8,10,7.0,3,9,2
208,"株式会社ユーザベース",3966.0,28.79914984059512,2019.0,9,10,8,10,8,9,7.0,4,10,2
209,"株式会社ユーザベース",3966.0,4.846186262115466,2020.0,7,10,9,10,7,9,8.0,3,9,2
210,"株式会社ユーザベース",3966.0,58.96302250803858,2020.0,10,10,9,10,8,9,8.0,3,9,2
211,"株式会社ユーザベース",3966.0,-24.020227560050568,2020.0,2,10,10,10,10,9,8.0,3,10,2
212,"株式会社ユーザベース",3966.0,-17.235772357723576,2020.0,3,10,9,10,9,8,8.0,3,10,2
213,"ブティックス株式会社",9272.0,4.322766570605188,2018.0,7,3,7,5,8,5,1.0,3,1,3
214,"ブティックス株式会社",9272.0,-12.125534950071328,2018.0,4,3,8,5,7,5,1.0,4,1,3
215,"ブティックス株式会社",9272.0,-23.1629392971246,2018.0,2,3,7,5,7,5,4.0,4,2,3
216,"ブティックス株式会社",9272.0,-3.451143451143452,2019.0,5,3,6,4,7,5,5.0,5,2,7
217,"ブティックス株式会社",9272.0,6.494623655913978,2019.0,7,3,6,4,6,5,5.0,5,2,7
218,"ブティックス株式会社",9272.0,-16.045454545454547,2019.0,3,4,6,3,8,4,5.0,6,2,7
219,"ブティックス株式会社",9272.0,-32.21105527638191,2019.0,1,3,5,3,2,4,5.0,6,2,7
220,"ブティックス株式会社",9272.0,72.49814677538917,2020.0,10,4,3,2,4,7,5.0,8,2,4
221,"ブティックス株式会社",9272.0,22.990975504941986,2020.0,9,4,6,4,4,8,5.0,7,2,4
222,"ブティックス株式会社",9272.0,3.7810586964350015,2020.0,7,4,6,5,6,7,5.0,6,2,7
223,"ブティックス株式会社",9272.0,68.57043959847698,2020.0,10,4,7,5,8,7,5.0,6,2,7
224,"ユナイテッド＆コレクティブ株式会社",3557.0,-30.99616858237548,2018.0,1,8,9,6,9,9,9.0,6,5,2
225,"ユナイテッド＆コレクティブ株式会社",3557.0,-17.71238200999445,2018.0,3,9,8,5,8,9,9.0,8,5,2
226,"ユナイテッド＆コレクティブ株式会社",3557.0,-0.1349527665317139,2018.0,6,9,7,4,7,9,9.0,9,5,9
227,"ユナイテッド＆コレクティブ株式会社",3557.0,-6.480881399870382,2019.0,5,9,7,4,6,9,9.0,8,5,9
228,"ユナイテッド＆コレクティブ株式会社",3557.0,22.13793103448276,2019.0,9,9,7,4,7,9,10.0,9,5,9
229,"ユナイテッド＆コレクティブ株式会社",3557.0,-44.55110107284021,2019.0,1,9,8,5,7,9,10.0,7,5,2
230,"ユナイテッド＆コレクティブ株式会社",3557.0,4.684317718940937,2019.0,7,9,5,3,6,9,9.0,10,5,9
231,"ユナイテッド＆コレクティブ株式会社",3557.0,1.5779092702169626,2020.0,7,9,5,3,6,10,9.0,10,3,9
232,"ユナイテッド＆コレクティブ株式会社",3557.0,24.383020730503453,2020.0,9,9,5,3,5,10,9.0,10,2,9
233,"ユナイテッド＆コレクティブ株式会社",3557.0,-2.142857142857143,2020.0,6,9,6,4,6,10,9.0,10,1,9
234,"ユナイテッド＆コレクティブ株式会社",3557.0,-1.370967741935484,2020.0,6,9,6,4,6,10,9.0,10,1,9
235,"株式会社レントラックス",6045.0,-6.771463119709795,2018.0,5,7,4,4,6,6,1.0,9,6,6
236,"株式会社レントラックス",6045.0,-32.560834298957126,2018.0,1,6,5,4,3,7,1.0,9,6,6
237,"株式会社レントラックス",6045.0,-15.084745762711863,2018.0,3,7,3,2,3,7,1.0,10,6,6
238,"株式会社レントラックス",6045.0,-5.9880239520958085,2019.0,5,7,2,2,3,7,1.0,10,6,6
239,"株式会社レントラックス",6045.0,-21.38364779874214,2019.0,2,7,2,1,3,7,1.0,10,6,6
240,"株式会社レントラックス",6045.0,29.085872576177284,2019.0,9,6,2,1,2,7,3.0,10,6,4
241,"株式会社レントラックス",6045.0,-4.477611940298507,2019.0,5,7,2,2,1,7,3.0,10,6,6
242,"株式会社レントラックス",6045.0,-1.1160714285714286,2020.0,6,7,2,2,2,7,4.0,10,6,4
243,"株式会社レントラックス",6045.0,39.72911963882618,2020.0,9,8,2,1,2,8,2.0,10,6,4
244,"株式会社レントラックス",6045.0,-10.0,2020.0,4,8,3,3,3,8,2.0,10,6,6
245,"株式会社レントラックス",6045.0,15.04424778761062,2020.0,8,8,3,2,3,7,2.0,10,7,4
246,"Chatwork株式会社",4448.0,-19.165927240461404,2018.0,2,3,6,9,7,1,5.0,1,1,3
247,"Chatwork株式会社",4448.0,-7.917059377945335,2019.0,5,3,5,9,6,1,6.0,1,4,10
248,"Chatwork株式会社",4448.0,41.84890656063619,2019.0,10,3,5,9,5,1,6.0,2,4,8
249,"Chatwork株式会社",4448.0,13.314840499306518,2020.0,8,3,7,10,6,1,6.0,1,5,10
250,"Chatwork株式会社",4448.0,-13.035495716034273,2020.0,3,4,7,10,7,1,5.0,1,5,10
251,"Chatwork株式会社",4448.0,5.629838142153413,2020.0,7,4,7,9,8,1,5.0,1,5,10
252,"Chatwork株式会社",4448.0,-21.71206225680934,2020.0,2,4,6,9,7,1,5.0,2,5,10
253,"株式会社フレアス",7062.0,-14.946286781877626,2018.0,3,5,8,3,9,8,3.0,8,4,7
254,"株式会社フレアス",7062.0,-21.581548599670512,2019.0,2,5,8,3,9,8,3.0,8,4,7
255,"株式会社フレアス",7062.0,-23.89758179231864,2019.0,2,5,7,2,7,7,3.0,9,4,7
256,"株式会社フレアス",7062.0,-21.96078431372549,2019.0,2,5,5,1,6,7,3.0,10,4,7
257,"株式会社フレアス",7062.0,13.142857142857142,2019.0,8,5,4,1,3,8,2.0,10,4,4
258,"株式会社フレアス",7062.0,-10.606060606060606,2020.0,4,7,4,1,3,8,2.0,10,4,6
259,"株式会社フレアス",7062.0,50.282485875706215,2020.0,10,7,4,1,4,9,2.0,10,4,4
260,"株式会社フレアス",7062.0,-20.868824531516186,2020.0,2,7,6,2,4,9,2.0,9,5,6
261,"株式会社フレアス",7062.0,12.777191129883844,2020.0,8,7,5,1,6,8,2.0,10,5,4
262,"株式会社コラボス",3908.0,-11.756569847856154,2018.0,4,3,4,2,5,6,7.0,9,5,4
263,"株式会社コラボス",3908.0,4.640718562874251,2018.0,7,3,3,1,3,6,7.0,9,5,4
264,"株式会社コラボス",3908.0,4.985754985754986,2018.0,7,3,4,1,4,6,7.0,9,5,4
265,"株式会社コラボス",3908.0,6.377204884667571,2019.0,7,2,4,1,4,6,7.0,9,5,4
266,"株式会社コラボス",3908.0,-25.32133676092545,2019.0,2,3,4,2,4,6,7.0,9,5,4
267,"株式会社コラボス",3908.0,5.692599620493358,2019.0,7,3,2,1,4,6,7.0,10,5,4
268,"株式会社コラボス",3908.0,-1.7391304347826086,2019.0,6,3,3,1,2,6,7.0,10,6,4
269,"株式会社コラボス",3908.0,17.699115044247787,2020.0,9,3,3,1,2,6,7.0,10,6,4
270,"株式会社コラボス",3908.0,6.315789473684211,2020.0,7,3,3,1,3,6,7.0,10,6,4
271,"株式会社コラボス",3908.0,-25.94202898550725,2020.0,2,3,3,1,3,6,7.0,10,6,4
272,"株式会社コラボス",3908.0,-7.421875,2020.0,5,3,2,1,3,6,7.0,10,6,4
273,"株式会社富士山マガジンサービス",3138.0,-17.51054852320675,2018.0,3,8,5,1,5,1,2.0,10,3,7
274,"株式会社富士山マガジンサービス",3138.0,-18.30985915492958,2018.0,3,8,4,1,5,1,2.0,10,3,7
275,"株式会社富士山マガジンサービス",3138.0,-3.343465045592705,2018.0,5,8,3,1,3,3,3.0,10,3,4
276,"株式会社富士山マガジンサービス",3138.0,31.100478468899524,2019.0,9,8,3,1,3,3,3.0,10,3,4
277,"株式会社富士山マガジンサービス",3138.0,-3.5279805352798053,2019.0,5,8,4,1,3,3,3.0,10,3,4
278,"株式会社富士山マガジンサービス",3138.0,20.82810539523212,2019.0,9,8,4,1,4,3,2.0,10,3,4
279,"株式会社富士山マガジンサービス",3138.0,15.245202558635397,2019.0,8,8,5,1,5,5,2.0,10,4,4
280,"株式会社富士山マガジンサービス",3138.0,-11.695376246600182,2020.0,4,9,6,1,3,5,2.0,10,4,4
281,"株式会社富士山マガジンサービス",3138.0,2.464065708418892,2020.0,7,9,5,1,6,6,2.0,10,4,4
282,"株式会社富士山マガジンサービス",3138.0,-15.931863727454909,2020.0,3,8,5,1,6,6,2.0,10,4,4
283,"株式会社富士山マガジンサービス",3138.0,-5.594405594405594,2020.0,5,9,4,1,6,6,2.0,10,5,4
284,"ＷＡＳＨハウス株式会社",6537.0,-41.61525518788559,2018.0,1,6,8,6,7,4,7.0,7,6,2
285,"ＷＡＳＨハウス株式会社",6537.0,-9.840674789128398,2018.0,4,6,5,3,7,4,7.0,9,6,4
286,"ＷＡＳＨハウス株式会社",6537.0,-1.0309278350515465,2018.0,6,7,5,3,4,4,7.0,9,6,4
287,"ＷＡＳＨハウス株式会社",6537.0,5.714285714285714,2019.0,7,6,5,3,5,3,8.0,8,6,4
288,"ＷＡＳＨハウス株式会社",6537.0,-2.902902902902903,2019.0,6,6,5,4,5,3,8.0,7,6,4
289,"ＷＡＳＨハウス株式会社",6537.0,-31.037924151696604,2019.0,1,6,5,4,5,3,8.0,6,6,4
290,"ＷＡＳＨハウス株式会社",6537.0,3.947368421052632,2019.0,7,6,3,3,4,3,8.0,8,6,4
291,"ＷＡＳＨハウス株式会社",6537.0,1.037037037037037,2020.0,6,7,3,3,3,5,8.0,7,6,4
292,"ＷＡＳＨハウス株式会社",6537.0,-6.598240469208211,2020.0,5,7,3,3,4,5,9.0,7,6,4
293,"ＷＡＳＨハウス株式会社",6537.0,3.453689167974882,2020.0,7,7,3,3,3,6,9.0,7,6,4
294,"ＷＡＳＨハウス株式会社",6537.0,-1.3888888888888888,2020.0,6,8,3,3,3,7,9.0,8,6,4
295,"株式会社関通",9326.0,-3.5198852152356124,2018.0,5,9,5,6,2,10,9.0,9,1,9
296,"株式会社関通",9326.0,-3.5198852152356124,2018.0,5,9,5,6,2,10,9.0,9,1,9
297,"株式会社関通",9326.0,-3.5198852152356124,2019.0,5,9,5,6,2,10,9.0,9,2,9
298,"株式会社関通",9326.0,-3.5198852152356124,2019.0,5,9,5,6,2,10,9.0,9,2,9
299,"株式会社関通",9326.0,41.20545732049504,2020.0,10,9,5,6,6,10,9.0,9,3,9
300,"株式会社関通",9326.0,-36.93094826057772,2020.0,1,9,6,7,5,10,9.0,6,3,9
301,"株式会社関通",9326.0,41.11922141119221,2020.0,10,9,4,6,5,10,10.0,8,3,9
302,"株式会社関通",9326.0,25.321888412017167,2020.0,9,9,6,7,5,10,9.0,7,5,9
303,"ＭＲＴ株式会社",6034.0,-9.372637944066517,2018.0,4,4,6,5,7,3,"",4,5,7
304,"ＭＲＴ株式会社",6034.0,-22.02680067001675,2018.0,2,4,6,5,5,3,"",4,5,7
305,"ＭＲＴ株式会社",6034.0,-8.241758241758241,2018.0,4,7,5,3,5,8,6.0,9,4,4
306,"ＭＲＴ株式会社",6034.0,6.706586826347305,2019.0,7,8,4,3,5,8,6.0,9,5,4
307,"ＭＲＴ株式会社",6034.0,25.97114317425084,2019.0,9,7,5,3,4,8,6.0,9,5,4
308,"ＭＲＴ株式会社",6034.0,4.66867469879518,2019.0,7,7,6,5,5,9,6.0,7,4,9
309,"ＭＲＴ株式会社",6034.0,-14.249201277955272,2020.0,3,7,7,6,6,8,6.0,6,4,2
310,"ＭＲＴ株式会社",6034.0,8.19672131147541,2020.0,8,7,6,5,7,7,6.0,7,4,4
311,"ＭＲＴ株式会社",6034.0,-11.294765840220386,2020.0,4,7,7,5,7,7,6.0,6,4,2
312,"ＭＲＴ株式会社",6034.0,8.978328173374612,2020.0,8,7,6,5,7,8,6.0,7,5,4
313,"株式会社ウィルズ",4482.0,-2.522068095838588,2018.0,6,3,5,8,5,8,1.0,2,1,3
314,"株式会社ウィルズ",4482.0,-2.9867256637168142,2019.0,6,4,6,8,5,6,2.0,1,2,3
315,"株式会社ウィルズ",4482.0,-22.02298850574713,2020.0,2,3,6,8,3,6,2.0,1,2,3
316,"株式会社ウィルズ",4482.0,26.41509433962264,2020.0,9,4,4,7,5,6,2.0,2,2,3
317,"株式会社ウィルズ",4482.0,45.52238805970149,2020.0,10,4,6,8,5,5,2.0,2,2,3
318,"株式会社ウィルズ",4482.0,-34.958217270194986,2020.0,1,5,7,9,6,6,2.0,2,3,3
319,"INCLUSIVE株式会社",7078.0,-41.93677593107555,2018.0,1,2,4,8,6,5,3.0,2,2,3
320,"INCLUSIVE株式会社",7078.0,-23.201109173169883,2019.0,2,2,4,7,5,4,3.0,3,3,3
321,"INCLUSIVE株式会社",7078.0,-36.46594995522314,2019.0,1,2,3,7,1,4,3.0,3,4,1
322,"INCLUSIVE株式会社",7078.0,-1.5943312235118443,2020.0,6,2,2,5,3,5,3.0,5,4,6
323,"INCLUSIVE株式会社",7078.0,125.56254456603222,2020.0,10,5,2,5,2,8,3.0,7,4,6
324,"INCLUSIVE株式会社",7078.0,14.63158262976661,2020.0,8,5,6,9,2,8,3.0,2,4,6
325,"INCLUSIVE株式会社",7078.0,-42.39401496259352,2020.0,1,4,7,9,8,8,5.0,2,4,3
326,"ビートレンド株式会社",4020.0,-33.957654723127035,2019.0,1,1,10,4,10,6,1.0,3,1,3
327,"ビートレンド株式会社",4020.0,-41.13680154142582,2020.0,1,1,10,4,10,4,1.0,3,1,3
328,"株式会社アクアライン",6173.0,-12.264150943396226,2018.0,4,4,9,3,8,5,6.0,6,4,7
329,"株式会社アクアライン",6173.0,-28.516129032258064,2018.0,1,4,9,3,9,5,6.0,5,3,7
330,"株式会社アクアライン",6173.0,2.6474127557160045,2018.0,7,4,7,2,8,5,7.0,8,3,7
331,"株式会社アクアライン",6173.0,-14.583333333333334,2019.0,3,4,8,2,8,4,7.0,6,3,7
332,"株式会社アクアライン",6173.0,-25.5420054200542,2019.0,2,4,7,1,7,4,7.0,7,3,7
333,"株式会社アクアライン",6173.0,-36.4877161055505,2019.0,1,4,6,1,6,4,7.0,8,3,7
334,"株式会社アクアライン",6173.0,-6.59025787965616,2019.0,5,4,3,1,4,6,7.0,10,3,4
335,"株式会社アクアライン",6173.0,37.38738738738739,2020.0,9,6,3,1,4,7,7.0,9,5,4
336,"株式会社アクアライン",6173.0,-15.45253863134658,2020.0,3,6,5,1,3,7,7.0,10,4,4
337,"株式会社アクアライン",6173.0,2.219321148825065,2020.0,7,6,4,1,4,7,7.0,10,4,4
338,"株式会社アクアライン",6173.0,-0.7722007722007722,2020.0,6,7,4,1,4,8,6.0,10,3,4
339,"株式会社サマンサタバサジャパンリミテッド",7829.0,-17.766497461928935,2018.0,3,10,2,8,2,10,9.0,6,9,5
340,"株式会社サマンサタバサジャパンリミテッド",7829.0,-14.19753086419753,2018.0,3,10,2,8,2,10,9.0,4,9,5
341,"株式会社サマンサタバサジャパンリミテッド",7829.0,-13.66906474820144,2018.0,3,10,1,8,2,10,8.0,6,8,5
342,"株式会社サマンサタバサジャパンリミテッド",7829.0,2.941176470588235,2019.0,7,10,1,7,1,10,8.0,7,8,5
343,"株式会社サマンサタバサジャパンリミテッド",7829.0,8.502024291497975,2019.0,8,10,1,7,1,10,8.0,7,7,5
344,"株式会社サマンサタバサジャパンリミテッド",7829.0,-50.74626865671642,2019.0,1,10,1,8,1,10,8.0,3,6,5
345,"株式会社サマンサタバサジャパンリミテッド",7829.0,9.848484848484848,2019.0,8,10,1,6,1,10,8.0,9,1,9
346,"株式会社サマンサタバサジャパンリミテッド",7829.0,-15.492957746478872,2020.0,3,10,1,7,1,10,8.0,8,1,9
347,"株式会社サマンサタバサジャパンリミテッド",7829.0,-5.0,2020.0,5,10,1,8,1,9,10.0,9,10,5
348,"株式会社サマンサタバサジャパンリミテッド",7829.0,25.438596491228072,2020.0,9,10,1,8,1,9,10.0,9,10,5
349,"株式会社サマンサタバサジャパンリミテッド",7829.0,-2.158273381294964,2020.0,6,10,1,8,1,9,10.0,8,9,5
350,"株式会社ゼネラル・オイスター",3224.0,26.83438155136269,2018.0,9,6,5,2,5,7,9.0,2,1,9
351,"株式会社ゼネラル・オイスター",3224.0,-9.746109746109749,2018.0,4,6,6,3,5,7,9.0,1,1,9
352,"株式会社ゼネラル・オイスター",3224.0,2.166064981949458,2018.0,7,6,6,2,6,7,8.0,2,1,9
353,"株式会社ゼネラル・オイスター",3224.0,4.240282685512367,2019.0,7,6,6,2,6,7,8.0,1,1,9
354,"株式会社ゼネラル・オイスター",3224.0,-9.535864978902952,2019.0,4,6,6,3,6,8,8.0,1,1,9
355,"株式会社ゼネラル・オイスター",3224.0,-12.887596899224809,2019.0,3,6,5,2,6,8,8.0,2,1,9
356,"株式会社ゼネラル・オイスター",3224.0,6.942752740560293,2019.0,7,6,4,2,5,8,8.0,2,1,9
357,"株式会社ゼネラル・オイスター",3224.0,0.1138952164009111,2020.0,6,7,5,2,5,9,8.0,6,1,9
358,"株式会社ゼネラル・オイスター",3224.0,2.957906712172924,2020.0,7,7,5,2,5,9,8.0,6,1,9
359,"株式会社ゼネラル・オイスター",3224.0,0.7667031763417306,2020.0,6,7,5,2,5,9,8.0,6,1,9
360,"株式会社ゼネラル・オイスター",3224.0,-5.385427666314678,2020.0,5,7,5,2,5,10,8.0,6,1,9
361,"株式会社ＳＫＩＹＡＫＩ",3995.0,-42.997542997543,2018.0,1,6,4,5,5,3,2.0,5,3,6
362,"株式会社ＳＫＩＹＡＫＩ",3995.0,120.47413793103448,2018.0,10,7,2,2,3,3,2.0,8,3,4
363,"株式会社ＳＫＩＹＡＫＩ",3995.0,-21.700879765395893,2018.0,2,7,5,6,3,3,2.0,5,3,6
364,"株式会社ＳＫＩＹＡＫＩ",3995.0,-16.764361078546308,2019.0,3,7,4,5,5,3,2.0,6,3,6
365,"株式会社ＳＫＩＹＡＫＩ",3995.0,-10.260115606936417,2019.0,4,7,3,4,4,3,2.0,6,4,6
366,"株式会社ＳＫＩＹＡＫＩ",3995.0,-55.39452495974236,2019.0,1,7,3,4,3,3,2.0,7,4,6
367,"株式会社ＳＫＩＹＡＫＩ",3995.0,124.18772563176896,2019.0,10,7,1,1,3,3,2.0,10,3,4
368,"株式会社ＳＫＩＹＡＫＩ",3995.0,11.594202898550725,2020.0,8,8,3,4,2,7,4.0,9,3,4
369,"株式会社ＳＫＩＹＡＫＩ",3995.0,-10.869565217391305,2020.0,4,9,3,4,2,7,4.0,9,3,6
370,"株式会社ＳＫＩＹＡＫＩ",3995.0,-17.78929188255613,2020.0,3,9,3,3,3,7,4.0,10,3,6
371,"株式会社ＳＫＩＹＡＫＩ",3995.0,-9.823182711198427,2020.0,4,8,2,3,3,6,4.0,9,3,6
372,"株式会社ラクス",3923.0,23.213326168726493,2018.0,9,6,2,10,3,1,7.0,1,8,8
373,"株式会社ラクス",3923.0,-8.992650237786425,2018.0,4,5,3,10,2,1,7.0,1,9,8
374,"株式会社ラクス",3923.0,69.40615058324497,2018.0,10,6,2,10,3,1,7.0,1,9,8
375,"株式会社ラクス",3923.0,25.19561815336463,2019.0,9,6,4,10,3,3,7.0,1,9,8
376,"株式会社ラクス",3923.0,-23.162134944612287,2019.0,2,7,5,10,4,3,7.0,1,9,8
377,"株式会社ラクス",3923.0,35.50995024875622,2019.0,9,6,4,10,5,3,8.0,1,9,8
378,"株式会社ラクス",3923.0,36.42284569138277,2019.0,9,7,5,10,4,3,8.0,1,9,8
379,"株式会社ラクス",3923.0,66.7278736687477,2020.0,10,7,6,10,5,1,8.0,1,9,8
380,"株式会社ラクス",3923.0,-23.876651982378856,2020.0,2,8,9,10,8,1,8.0,1,9,8
381,"株式会社ラクス",3923.0,17.447306791569087,2020.0,8,8,7,10,9,1,8.0,1,9,8
382,"株式会社ラクス",3923.0,72.0160481444333,2020.0,10,9,8,10,8,1,8.0,1,10,8
383,"株式会社ディジタルメディアプロフェッショナル",3652.0,3.690036900369003,2018.0,7,1,10,7,10,1,3.0,3,6,10
384,"株式会社ディジタルメディアプロフェッショナル",3652.0,-8.333333333333332,2018.0,4,1,10,7,10,1,3.0,3,6,10
385,"株式会社ディジタルメディアプロフェッショナル",3652.0,-25.58365758754864,2018.0,2,2,10,7,10,1,3.0,3,6,10
386,"株式会社ディジタルメディアプロフェッショナル",3652.0,9.934640522875815,2019.0,8,1,10,6,10,1,4.0,5,8,10
387,"株式会社ディジタルメディアプロフェッショナル",3652.0,-9.834123222748817,2019.0,4,1,10,7,10,1,4.0,5,8,10
388,"株式会社ディジタルメディアプロフェッショナル",3652.0,-1.7654476670870116,2019.0,6,1,10,6,10,1,4.0,5,8,10
389,"株式会社ディジタルメディアプロフェッショナル",3652.0,-20.763723150358,2019.0,2,2,10,7,8,1,3.0,5,8,10
390,"株式会社ディジタルメディアプロフェッショナル",3652.0,-19.33734939759036,2020.0,2,1,9,6,9,1,4.0,6,8,10
391,"株式会社ディジタルメディアプロフェッショナル",3652.0,-7.43091859596714,2020.0,5,2,9,5,9,1,4.0,7,8,10
392,"株式会社ディジタルメディアプロフェッショナル",3652.0,-11.2647417649451,2020.0,4,2,9,4,9,1,4.0,8,8,10
393,"株式会社ディジタルメディアプロフェッショナル",3652.0,-18.54061496099128,2020.0,3,1,8,3,9,1,4.0,8,8,7
394,"株式会社中村超硬",6166.0,-24.6031746031746,2018.0,2,10,5,6,8,10,10.0,10,1,9
395,"株式会社中村超硬",6166.0,-22.04301075268817,2018.0,2,10,4,6,4,10,10.0,10,1,9
396,"株式会社中村超硬",6166.0,-15.818181818181817,2018.0,3,10,3,6,4,10,10.0,10,1,9
397,"株式会社中村超硬",6166.0,92.44060475161989,2019.0,10,10,2,5,3,10,10.0,10,1,9
398,"株式会社中村超硬",6166.0,-18.77470355731225,2019.0,2,9,5,7,2,10,10.0,8,1,9
399,"株式会社中村超硬",6166.0,9.123649459783914,2019.0,8,10,4,6,6,10,10.0,10,1,9
400,"株式会社中村超硬",6166.0,-8.212560386473431,2019.0,4,9,5,6,3,10,9.0,9,1,9
401,"株式会社中村超硬",6166.0,-12.736842105263158,2020.0,4,9,5,6,5,10,9.0,9,1,9
402,"株式会社中村超硬",6166.0,-3.980699638118215,2020.0,5,9,4,6,5,10,9.0,9,1,9
403,"株式会社中村超硬",6166.0,-3.082614056720099,2020.0,5,9,4,6,4,10,9.0,9,1,9
404,"株式会社中村超硬",6166.0,-20.95357590966123,2020.0,2,9,4,6,5,9,9.0,9,1,9
405,"株式会社ミンカブ・ジ・インフォノイド（旧社名　株式会社みんかぶ）",4436.0,11.33525456292027,2018.0,8,5,5,7,6,7,6.0,5,7,8
406,"株式会社ミンカブ・ジ・インフォノイド",4436.0,-6.643658326143227,2019.0,5,4,6,7,5,6,6.0,4,7,8
407,"株式会社ミンカブ・ジ・インフォノイド",4436.0,20.186046511627907,2019.0,9,4,6,7,6,6,6.0,3,7,8
408,"株式会社ミンカブ・ジ・インフォノイド",4436.0,6.417112299465241,2019.0,7,7,6,8,6,8,6.0,3,8,2
409,"株式会社ミンカブ・ジ・インフォノイド",4436.0,14.71147748890298,2019.0,8,7,7,8,4,8,6.0,3,8,8
410,"株式会社ミンカブ・ジ・インフォノイド",4436.0,54.17357656163626,2020.0,10,8,8,9,8,8,6.0,3,8,2
411,"株式会社ミンカブ・ジ・インフォノイド",4436.0,60.631050555754754,2020.0,10,8,9,9,8,8,6.0,2,8,2
412,"株式会社ミンカブ・ジ・インフォノイド",4436.0,-8.618654073199528,2020.0,4,8,10,10,10,8,6.0,1,8,2
413,"株式会社ミンカブ・ジ・インフォノイド",4436.0,-8.221024258760108,2020.0,4,8,10,10,10,8,5.0,1,8,2
414,"株式会社モダリス",4883.0,-33.7521815008726,2019.0,1,1,9,10,8,1,4.0,1,8,10
415,"株式会社モダリス",4883.0,-33.7521815008726,2019.0,1,1,9,10,8,1,4.0,1,8,10
416,"株式会社モダリス",4883.0,-33.7521815008726,2020.0,1,1,9,10,8,1,4.0,2,8,10
417,"株式会社モダリス",4883.0,-33.7521815008726,2020.0,1,1,9,10,8,1,4.0,2,8,10
418,"株式会社モダリス",4883.0,0.6589785831960462,2020.0,6,1,9,10,9,1,4.0,3,9,10
419,"株式会社モダリス",4883.0,-34.281716417910445,2020.0,1,1,8,10,9,1,4.0,3,9,10
420,"AI CROSS株式会社",4476.0,-23.12859884836852,2018.0,2,1,8,5,8,6,1.0,2,1,3
421,"AI CROSS株式会社",4476.0,-23.12859884836852,2018.0,2,1,8,5,8,6,1.0,2,1,3
422,"AI CROSS株式会社",4476.0,-23.12859884836852,2019.0,2,2,8,5,8,5,1.0,2,1,3
423,"AI CROSS株式会社",4476.0,-23.12859884836852,2019.0,2,2,8,5,8,5,1.0,2,1,3
424,"AI CROSS株式会社",4476.0,-6.750572082379863,2019.0,5,2,7,4,8,1,1.0,4,3,7
425,"AI CROSS株式会社",4476.0,25.603296056503822,2020.0,9,1,7,4,6,1,1.0,4,3,7
426,"AI CROSS株式会社",4476.0,-10.028116213683225,2020.0,4,2,8,5,8,5,3.0,4,3,3
427,"AI CROSS株式会社",4476.0,-5.052083333333333,2020.0,5,2,8,5,8,5,3.0,4,3,3
428,"AI CROSS株式会社",4476.0,-1.1117287381878822,2020.0,6,2,8,5,7,4,3.0,5,3,7
429,"株式会社スペースマーケット",4487.0,-7.950191570881227,2018.0,5,3,5,7,7,7,1.0,3,1,3
430,"株式会社スペースマーケット",4487.0,8.743718592964825,2019.0,8,3,5,6,7,4,1.0,3,2,3
431,"株式会社スペースマーケット",4487.0,-1.9859813084112148,2020.0,6,2,4,6,3,5,1.0,3,2,7
432,"株式会社スペースマーケット",4487.0,5.840286054827176,2020.0,7,2,4,6,5,5,1.0,3,2,3
433,"株式会社スペースマーケット",4487.0,0.6756756756756757,2020.0,6,2,5,6,5,5,1.0,3,2,3
434,"株式会社スペースマーケット",4487.0,-13.951011714589988,2020.0,3,4,5,6,4,5,1.0,3,2,3
435,"Ｄｅｌｔａ－Ｆｌｙ　Ｐｈａｒｍａ　株式会社",4598.0,-15.572998430141288,2018.0,3,1,9,7,10,4,3.0,2,1,3
436,"Ｄｅｌｔａ－Ｆｌｙ　Ｐｈａｒｍａ　株式会社",4598.0,-25.266666666666666,2018.0,2,1,9,6,9,3,3.0,8,8,10
437,"Ｄｅｌｔａ－Ｆｌｙ　Ｐｈａｒｍａ　株式会社",4598.0,-32.36903831118061,2018.0,1,1,9,5,8,3,3.0,8,8,10
438,"Ｄｅｌｔａ－Ｆｌｙ　Ｐｈａｒｍａ　株式会社",4598.0,-1.213872832369942,2019.0,6,1,7,3,8,3,4.0,9,8,7
439,"Ｄｅｌｔａ－Ｆｌｙ　Ｐｈａｒｍａ　株式会社",4598.0,-23.054417788180224,2019.0,2,1,7,3,8,3,4.0,9,7,7
440,"Ｄｅｌｔａ－Ｆｌｙ　Ｐｈａｒｍａ　株式会社",4598.0,40.2510460251046,2019.0,9,1,6,2,7,3,4.0,9,7,7
441,"Ｄｅｌｔａ－Ｆｌｙ　Ｐｈａｒｍａ　株式会社",4598.0,24.21120412105602,2019.0,9,1,7,4,4,3,4.0,8,6,7
442,"Ｄｅｌｔａ－Ｆｌｙ　Ｐｈａｒｍａ　株式会社",4598.0,-10.938310005184034,2020.0,4,1,8,5,8,3,4.0,6,5,7
443,"Ｄｅｌｔａ－Ｆｌｙ　Ｐｈａｒｍａ　株式会社",4598.0,-34.458672875436555,2020.0,1,1,7,5,8,3,4.0,6,5,7
444,"Ｄｅｌｔａ－Ｆｌｙ　Ｐｈａｒｍａ　株式会社",4598.0,24.61814914645103,2020.0,9,1,6,3,6,3,4.0,7,4,7
445,"Ｄｅｌｔａ－Ｆｌｙ　Ｐｈａｒｍａ　株式会社",4598.0,3.624733475479744,2020.0,7,1,7,4,7,1,4.0,8,6,7
446,"アライドアーキテクツ株式会社",6081.0,7.066381156316917,2018.0,8,5,2,5,3,7,4.0,4,5,6
447,"アライドアーキテクツ株式会社",6081.0,-9.218436873747494,2018.0,4,5,2,5,3,7,4.0,4,4,6
448,"アライドアーキテクツ株式会社",6081.0,18.43817787418655,2018.0,9,7,2,5,2,9,4.0,6,4,6
449,"アライドアーキテクツ株式会社",6081.0,-23.6,2019.0,2,7,2,5,3,9,4.0,6,4,6
450,"アライドアーキテクツ株式会社",6081.0,1.5706806282722512,2019.0,7,6,2,4,2,8,4.0,6,4,6
451,"アライドアーキテクツ株式会社",6081.0,-25.51546391752577,2019.0,2,6,2,4,2,8,4.0,4,4,6
452,"アライドアーキテクツ株式会社",6081.0,7.777777777777778,2019.0,8,6,1,3,2,8,6.0,6,3,9
453,"アライドアーキテクツ株式会社",6081.0,17.692307692307693,2020.0,9,6,1,2,1,8,6.0,8,5,4
454,"アライドアーキテクツ株式会社",6081.0,53.26797385620915,2020.0,10,6,1,3,1,8,5.0,8,5,4
455,"アライドアーキテクツ株式会社",6081.0,36.88699360341152,2020.0,9,6,2,5,2,8,5.0,6,5,6
456,"アライドアーキテクツ株式会社",6081.0,47.58064516129033,2020.0,10,6,3,6,3,7,5.0,5,5,6
457,"ソレイジア・ファーマ株式会社",4597.0,-24.21875,2018.0,2,2,1,8,2,1,"",3,9,1
458,"ソレイジア・ファーマ株式会社",4597.0,-19.19191919191919,2018.0,2,2,1,8,1,1,"",7,10,1
459,"ソレイジア・ファーマ株式会社",4597.0,-33.47826086956522,2018.0,1,4,1,8,1,1,5.0,5,9,1
460,"ソレイジア・ファーマ株式会社",4597.0,11.18421052631579,2019.0,8,3,1,7,1,4,5.0,6,9,1
461,"ソレイジア・ファーマ株式会社",4597.0,-11.242603550295858,2019.0,4,4,1,7,1,4,5.0,5,9,1
462,"ソレイジア・ファーマ株式会社",4597.0,0.6622516556291391,2019.0,6,4,1,7,1,4,4.0,4,9,1
463,"ソレイジア・ファーマ株式会社",4597.0,11.333333333333332,2019.0,8,5,1,7,1,3,4.0,7,9,1
464,"ソレイジア・ファーマ株式会社",4597.0,18.9873417721519,2020.0,9,4,1,7,1,1,4.0,6,9,1
465,"ソレイジア・ファーマ株式会社",4597.0,-25.53191489361702,2020.0,2,3,1,8,1,3,4.0,4,9,1
466,"ソレイジア・ファーマ株式会社",4597.0,12.857142857142856,2020.0,8,8,1,7,1,4,4.0,7,9,1
467,"ソレイジア・ファーマ株式会社",4597.0,-18.45238095238096,2020.0,3,7,1,8,1,4,4.0,5,8,1
468,"株式会社アスカネット",2438.0,-0.9375,2018.0,6,4,6,8,6,1,9.0,3,9,8
469,"株式会社アスカネット",2438.0,10.410094637223976,2018.0,8,3,6,8,6,1,9.0,3,9,8
470,"株式会社アスカネット",2438.0,1.3620071684587811,2018.0,6,4,6,8,7,1,9.0,3,9,8
471,"株式会社アスカネット",2438.0,0.2772002772002772,2019.0,6,4,7,8,7,1,10.0,3,9,8
472,"株式会社アスカネット",2438.0,-37.18037318590186,2019.0,1,4,7,8,7,2,10.0,3,9,8
473,"株式会社アスカネット",2438.0,94.93949394939494,2019.0,10,3,5,7,7,2,10.0,4,9,8
474,"株式会社アスカネット",2438.0,-24.830699774266364,2019.0,2,4,8,9,5,2,10.0,2,9,8
475,"株式会社アスカネット",2438.0,-22.22222222222222,2020.0,2,4,6,8,7,2,10.0,3,9,8
476,"株式会社アスカネット",2438.0,4.590818363273453,2020.0,7,4,5,7,6,2,10.0,3,9,8
477,"株式会社アスカネット",2438.0,-18.34695731153497,2020.0,3,3,6,8,5,2,10.0,3,9,8
478,"株式会社アスカネット",2438.0,-5.450500556173527,2020.0,5,4,5,7,5,2,10.0,4,9,8
479,"株式会社ミクリード",7687.0,-17.311827956989248,2018.0,3,3,5,1,3,3,4.0,8,2,7
480,"株式会社ミクリード",7687.0,-39.44402704733283,2019.0,1,2,6,1,2,3,3.0,7,3,7
481,"株式会社ミクリード",7687.0,14.888337468982629,2020.0,8,2,4,1,5,3,3.0,8,2,7
482,"株式会社ミクリード",7687.0,9.1792656587473,2020.0,8,2,5,1,6,3,3.0,7,2,7
483,"株式会社ミクリード",7687.0,-9.08265213442325,2020.0,4,3,6,1,5,3,3.0,6,2,7
484,"株式会社ミクリード",7687.0,-7.135777998017839,2020.0,5,2,5,1,5,2,2.0,7,2,7
485,"株式会社ランディックス",2981.0,-6.361007847996696,2018.0,5,9,9,4,10,9,9.0,10,8,2
486,"株式会社ランディックス",2981.0,8.12395309882747,2019.0,8,9,9,4,9,8,8.0,10,8,2
487,"株式会社ランディックス",2981.0,-32.618945563651955,2019.0,1,9,9,4,6,9,9.0,10,9,2
488,"株式会社ランディックス",2981.0,1.653944020356234,2020.0,7,9,7,3,8,9,9.0,10,9,4
489,"株式会社ランディックス",2981.0,5.506883604505632,2020.0,7,8,7,3,7,8,9.0,10,9,4
490,"株式会社ランディックス",2981.0,6.003430531732419,2020.0,7,9,7,4,7,9,9.0,10,9,4
491,"株式会社ランディックス",2981.0,20.67209775967413,2020.0,9,9,8,4,7,9,9.0,10,9,4
492,"ログリー株式会社",6579.0,37.35909822866345,2018.0,9,3,7,3,8,4,1.0,7,3,7
493,"ログリー株式会社",6579.0,-54.16846652267818,2018.0,1,3,9,5,9,4,4.0,5,3,3
494,"ログリー株式会社",6579.0,-10.823234433765148,2018.0,4,3,6,2,8,4,4.0,8,3,7
495,"ログリー株式会社",6579.0,-10.731021555763824,2019.0,4,3,5,2,6,4,4.0,8,3,7
496,"ログリー株式会社",6579.0,2.9111338100102144,2019.0,7,5,5,2,5,8,4.0,10,3,4
497,"ログリー株式会社",6579.0,-14.85,2019.0,3,5,5,2,5,7,4.0,9,4,4
498,"ログリー株式会社",6579.0,86.14457831325302,2019.0,10,5,4,1,3,7,4.0,10,3,4
499,"ログリー株式会社",6579.0,100.97087378640776,2020.0,10,6,7,3,4,7,3.0,9,4,4
500,"ログリー株式会社",6579.0,-38.26086956521739,2020.0,1,6,9,6,10,7,4.0,5,4,2
501,"ログリー株式会社",6579.0,-30.87071240105541,2020.0,1,5,8,4,9,6,3.0,7,4,7
502,"ログリー株式会社",6579.0,-26.347760060744115,2020.0,2,5,6,3,8,6,3.0,9,3,7
503,"株式会社Ｍａｃｂｅｅ　Ｐｌａｎｅｔ",7095.0,111.11630079402148,2018.0,10,5,8,4,8,7,2.0,6,1,7
504,"株式会社Ｍａｃｂｅｅ　Ｐｌａｎｅｔ",7095.0,-4.1807909604519775,2019.0,5,5,10,7,8,5,2.0,4,4,3
505,"株式会社Ｍａｃｂｅｅ　Ｐｌａｎｅｔ",7095.0,0.2439024390243902,2020.0,6,4,10,7,9,5,2.0,3,4,3
506,"株式会社Ｍａｃｂｅｅ　Ｐｌａｎｅｔ",7095.0,28.805620608899297,2020.0,9,5,10,7,9,5,2.0,4,5,10
507,"株式会社Ｍａｃｂｅｅ　Ｐｌａｎｅｔ",7095.0,50.7168458781362,2020.0,10,6,10,8,10,4,2.0,3,5,10
508,"株式会社Ｍａｃｂｅｅ　Ｐｌａｎｅｔ",7095.0,15.101070154577885,2020.0,8,6,10,9,10,4,2.0,3,6,10
509,"株式会社バリューゴルフ",3931.0,-28.30315224681421,2018.0,1,5,7,2,7,8,6.0,7,2,7
510,"株式会社バリューゴルフ",3931.0,57.15622076707203,2018.0,10,6,6,1,7,8,5.0,9,2,4
511,"株式会社バリューゴルフ",3931.0,-5.416666666666667,2018.0,5,6,7,2,5,8,5.0,7,3,4
512,"株式会社バリューゴルフ",3931.0,-11.194029850746269,2019.0,4,6,7,2,6,9,5.0,9,3,4
513,"株式会社バリューゴルフ",3931.0,-21.97378565921357,2019.0,2,6,6,2,7,9,5.0,9,3,4
514,"株式会社バリューゴルフ",3931.0,-22.92490118577075,2019.0,2,6,5,1,6,8,5.0,9,3,4
515,"株式会社バリューゴルフ",3931.0,32.17948717948718,2019.0,9,5,4,1,5,8,4.0,10,3,4
516,"株式会社バリューゴルフ",3931.0,27.740058195926288,2020.0,9,5,5,1,4,9,4.0,9,3,4
517,"株式会社バリューゴルフ",3931.0,11.031518624641834,2020.0,8,5,6,2,5,8,4.0,8,3,4
518,"株式会社バリューゴルフ",3931.0,36.03351955307262,2020.0,9,5,7,2,8,8,4.0,8,3,7
519,"株式会社バリューゴルフ",3931.0,-9.114052953156824,2020.0,4,5,8,2,7,8,4.0,8,3,7
520,"かっこ株式会社",4166.0,-32.003891050583654,2019.0,1,2,10,7,10,8,2.0,3,1,3
521,"かっこ株式会社",4166.0,-20.023837902264603,2020.0,2,4,10,6,10,8,2.0,4,3,3
522,"株式会社交換できるくん",7695.0,109.1851851851852,2019.0,10,3,9,5,10,6,2.0,4,1,3
523,"株式会社交換できるくん",7695.0,53.03030303030303,2020.0,10,4,9,5,9,6,3.0,4,2,3
524,"株式会社交換できるくん",7695.0,-17.15210355987055,2020.0,3,4,10,6,10,6,3.0,3,2,3
525,"ＣＹＢＥＲＤＹＮＥ株式会社",7779.0,-9.254807692307692,2018.0,4,6,4,10,5,2,10.0,2,10,8
526,"ＣＹＢＥＲＤＹＮＥ株式会社",7779.0,-13.426573426573428,2018.0,3,6,4,10,2,2,10.0,5,10,8
527,"ＣＹＢＥＲＤＹＮＥ株式会社",7779.0,6.9730586370839935,2018.0,7,6,3,10,3,2,10.0,2,10,8
528,"ＣＹＢＥＲＤＹＮＥ株式会社",7779.0,-8.88888888888889,2019.0,4,7,3,10,3,3,10.0,3,10,8
529,"ＣＹＢＥＲＤＹＮＥ株式会社",7779.0,-17.666126418152352,2019.0,3,8,3,10,3,3,10.0,3,10,8
530,"ＣＹＢＥＲＤＹＮＥ株式会社",7779.0,-0.5964214711729622,2019.0,6,8,2,10,3,3,10.0,3,10,8
531,"ＣＹＢＥＲＤＹＮＥ株式会社",7779.0,-20.889748549323016,2019.0,2,9,2,10,2,4,10.0,3,10,5
532,"ＣＹＢＥＲＤＹＮＥ株式会社",7779.0,125.6723716381418,2020.0,10,9,2,10,2,3,10.0,3,10,8
533,"ＣＹＢＥＲＤＹＮＥ株式会社",7779.0,-24.05200433369448,2020.0,2,9,5,10,3,3,10.0,2,10,8
534,"ＣＹＢＥＲＤＹＮＥ株式会社",7779.0,-21.2298682284041,2020.0,2,9,3,10,4,3,10.0,2,10,8
535,"ＣＹＢＥＲＤＹＮＥ株式会社",7779.0,-23.97137745974955,2020.0,2,9,3,10,3,3,10.0,2,10,8
536,"rakumo株式会社",4060.0,-3.111111111111111,2019.0,5,3,8,7,9,7,3.0,2,1,3
537,"ｒａｋｕｍｏ株式会社",4060.0,-3.775280898876404,2020.0,5,3,8,7,9,5,3.0,2,1,3
538,"ｒａｋｕｍｏ株式会社",4060.0,-14.299563742123125,2020.0,3,3,8,6,8,5,3.0,3,2,3
539,"窪田製薬ホールディングス株式会社",4596.0,11.619718309859154,2018.0,8,3,1,6,2,4,"",5,10,1
540,"窪田製薬ホールディングス株式会社",4596.0,2.0338983050847457,2018.0,7,3,1,6,2,4,"",6,10,1
541,"窪田製薬ホールディングス株式会社",4596.0,10.367892976588628,2018.0,8,4,1,6,1,4,2.0,7,10,1
542,"窪田製薬ホールディングス株式会社",4596.0,-8.923076923076923,2019.0,4,4,2,7,4,4,5.0,6,10,1
543,"窪田製薬ホールディングス株式会社",4596.0,-0.3378378378378378,2019.0,6,4,1,6,2,4,5.0,7,10,1
544,"窪田製薬ホールディングス株式会社",4596.0,-10.344827586206897,2019.0,4,4,1,6,1,4,5.0,7,10,1
545,"窪田製薬ホールディングス株式会社",4596.0,16.532258064516128,2019.0,8,4,1,5,1,4,5.0,9,10,1
546,"窪田製薬ホールディングス株式会社",4596.0,4.966887417218543,2020.0,7,4,1,6,1,2,4.0,9,10,1
547,"窪田製薬ホールディングス株式会社",4596.0,-17.034700315457414,2020.0,3,3,2,6,2,2,5.0,8,9,1
548,"窪田製薬ホールディングス株式会社",4596.0,1.1406844106463878,2020.0,6,4,1,6,2,2,5.0,7,9,1
549,"窪田製薬ホールディングス株式会社",4596.0,-1.9157088122605364,2020.0,6,4,1,6,1,5,6.0,7,9,1
550,"JIG-SAW株式会社",3914.0,-0.7736293306424488,2018.0,6,2,9,8,9,5,6.0,2,3,3
551,"JIG-SAW株式会社",3914.0,-5.686879068174032,2018.0,5,2,9,8,9,5,6.0,2,3,3
552,"JIG-SAW株式会社",3914.0,3.627813234800134,2018.0,7,3,9,8,9,4,6.0,2,5,10
553,"JIG-SAW株式会社",3914.0,61.55115511551155,2019.0,10,4,9,8,9,4,6.0,2,6,10
554,"JIG-SAW株式会社",3914.0,-2.4514811031664965,2019.0,6,3,10,9,10,4,6.0,1,5,10
555,"JIG-SAW株式会社",3914.0,-8.203530633437175,2019.0,4,4,10,9,10,6,6.0,2,5,10
556,"JIG-SAW株式会社",3914.0,14.79028697571744,2019.0,8,4,10,9,10,6,6.0,1,4,3
557,"JIG-SAW株式会社",3914.0,-17.135325131810195,2020.0,3,3,10,9,10,6,6.0,1,4,3
558,"JIG-SAW株式会社",3914.0,90.88016967126194,2020.0,10,3,10,9,10,6,6.0,1,4,3
559,"JIG-SAW株式会社",3914.0,100.1111111111111,2020.0,10,3,10,10,10,6,6.0,1,4,3
560,"JIG-SAW株式会社",3914.0,-47.35915492957746,2020.0,1,3,10,10,10,6,6.0,1,5,3
561,"株式会社メドレー",4480.0,86.92077727952167,2018.0,10,5,6,9,6,7,4.0,4,3,3
562,"株式会社メドレー",4480.0,77.36579966795794,2019.0,10,7,8,9,6,7,5.0,3,8,8
563,"株式会社メドレー",4480.0,23.929098966026583,2020.0,9,7,10,10,8,7,5.0,2,8,2
564,"株式会社メドレー",4480.0,32.538736591179976,2020.0,9,8,10,10,10,7,5.0,2,8,2
565,"株式会社メドレー",4480.0,-17.176258992805753,2020.0,3,8,10,10,10,6,5.0,2,10,2
566,"株式会社メドレー",4480.0,-3.395784543325527,2020.0,5,9,10,10,10,8,5.0,4,10,2
567,"株式会社アイリッジ",3917.0,-12.1713729308666,2018.0,4,3,5,4,4,2,5.0,4,7,1
568,"株式会社アイリッジ",3917.0,-9.62877030162413,2018.0,4,4,4,4,5,2,4.0,4,7,1
569,"株式会社アイリッジ",3917.0,63.928112965340176,2019.0,10,3,4,3,5,2,4.0,5,7,7
570,"株式会社アイリッジ",3917.0,-15.53556827473426,2019.0,3,4,6,5,5,2,4.0,2,7,10
571,"株式会社アイリッジ",3917.0,1.9730010384215992,2019.0,7,5,5,4,6,5,3.0,5,7,7
572,"株式会社アイリッジ",3917.0,-10.0,2019.0,4,5,5,4,3,5,3.0,5,7,6
573,"株式会社アイリッジ",3917.0,45.65456545654565,2020.0,10,4,5,4,5,5,3.0,6,7,4
574,"株式会社アイリッジ",3917.0,-17.447129909365557,2020.0,3,5,6,6,6,6,3.0,5,7,6
575,"株式会社アイリッジ",3917.0,-30.23255813953488,2020.0,1,5,6,5,6,6,2.0,7,7,6
576,"株式会社アイリッジ",3917.0,-11.23882503192848,2020.0,4,5,4,3,5,6,5.0,8,8,4
577,"株式会社海帆",3133.0,0.5586592178770949,2018.0,6,7,4,2,4,10,8.0,10,2,9
578,"株式会社海帆",3133.0,-2.083333333333333,2018.0,6,7,4,2,4,10,8.0,9,1,9
579,"株式会社海帆",3133.0,3.651685393258427,2018.0,7,7,4,2,4,10,8.0,9,1,9
580,"株式会社海帆",3133.0,0.0,2019.0,6,7,4,2,4,10,8.0,8,1,9
581,"株式会社海帆",3133.0,-1.5027322404371584,2019.0,6,7,4,2,4,10,8.0,8,1,9
582,"株式会社海帆",3133.0,-19.36872309899569,2019.0,2,7,3,2,4,10,8.0,7,1,9
583,"株式会社海帆",3133.0,-22.330097087378643,2019.0,2,6,2,2,3,10,7.0,6,1,9
584,"株式会社海帆",3133.0,-3.75,2020.0,5,6,2,2,3,10,7.0,1,1,9
585,"株式会社海帆",3133.0,18.181818181818183,2020.0,9,7,2,2,2,10,7.0,1,1,9
586,"株式会社海帆",3133.0,8.533916849015318,2020.0,8,7,2,2,2,10,7.0,1,1,9
587,"株式会社海帆",3133.0,23.66863905325444,2020.0,9,6,2,5,2,10,6.0,1,1,9
588,"株式会社エクストリーム",6033.0,-42.59306803594352,2018.0,1,5,10,8,10,6,5.0,2,5,3
589,"株式会社エクストリーム",6033.0,-15.78699340245052,2018.0,3,5,8,6,9,6,4.0,3,6,10
590,"株式会社エクストリーム",6033.0,6.787330316742081,2018.0,7,6,8,6,8,5,4.0,4,7,10
591,"株式会社エクストリーム",6033.0,1.059322033898305,2019.0,6,5,8,6,8,5,5.0,4,7,10
592,"株式会社エクストリーム",6033.0,19.716885743174924,2019.0,9,6,8,6,8,6,5.0,4,7,2
593,"株式会社エクストリーム",6033.0,-33.830455259026685,2019.0,1,6,9,7,8,6,6.0,4,7,2
594,"株式会社エクストリーム",6033.0,-16.510538641686182,2019.0,3,6,7,5,6,5,5.0,6,8,2
595,"株式会社エクストリーム",6033.0,-18.653576437587656,2020.0,2,6,7,5,7,5,5.0,7,8,2
596,"株式会社エクストリーム",6033.0,-0.0862068965517241,2020.0,6,5,6,3,7,5,5.0,8,8,4
597,"株式会社エクストリーム",6033.0,-10.955302366345313,2020.0,4,5,6,3,6,5,5.0,8,8,4
598,"株式会社エクストリーム",6033.0,6.138613861386139,2020.0,7,6,5,3,7,5,5.0,8,8,4
599,"夢展望株式会社",3185.0,4.77326968973747,2018.0,7,8,2,4,3,9,"",8,2,6
600,"夢展望株式会社",3185.0,-23.756906077348063,2018.0,2,8,3,5,2,9,"",5,2,6
601,"夢展望株式会社",3185.0,9.75609756097561,2018.0,8,9,2,4,2,9,5.0,5,2,9
602,"夢展望株式会社",3185.0,1.5555555555555556,2019.0,7,9,2,5,2,10,7.0,4,1,9
603,"夢展望株式会社",3185.0,5.520169851380043,2019.0,7,9,2,5,2,10,7.0,5,1,9
604,"夢展望株式会社",3185.0,-32.55813953488372,2019.0,1,9,2,5,2,10,7.0,4,1,9
605,"夢展望株式会社",3185.0,-22.039473684210524,2019.0,2,8,1,4,1,10,6.0,7,1,9
606,"夢展望株式会社",3185.0,-12.236286919831224,2020.0,4,8,1,3,1,10,6.0,7,1,9
607,"夢展望株式会社",3185.0,11.057692307692308,2020.0,8,9,1,3,1,10,6.0,10,1,9
608,"夢展望株式会社",3185.0,-11.76470588235294,2020.0,4,9,1,3,1,10,6.0,9,1,9
609,"夢展望株式会社",3185.0,-3.791469194312796,2020.0,5,8,1,3,1,10,4.0,10,1,9
610,"株式会社アマナ",2402.0,10.641200545702592,2018.0,8,10,4,5,4,9,9.0,10,5,9
611,"株式会社アマナ",2402.0,-3.3457249070631967,2018.0,5,10,4,5,4,9,9.0,10,4,9
612,"株式会社アマナ",2402.0,-2.2941970310391366,2018.0,6,10,4,6,4,9,10.0,9,5,9
613,"株式会社アマナ",2402.0,-1.9073569482288828,2019.0,6,10,4,6,4,10,10.0,10,5,9
614,"株式会社アマナ",2402.0,15.97222222222222,2019.0,8,10,4,5,4,9,10.0,10,5,9
615,"株式会社アマナ",2402.0,-6.482593037214886,2019.0,5,10,4,6,4,10,10.0,10,4,9
616,"株式会社アマナ",2402.0,-20.23968042609853,2019.0,2,10,4,6,4,10,10.0,9,5,9
617,"株式会社アマナ",2402.0,15.042735042735044,2020.0,8,10,3,6,3,10,10.0,9,4,9
618,"株式会社アマナ",2402.0,-6.8350668647845465,2020.0,5,10,3,6,3,10,9.0,10,1,9
619,"株式会社アマナ",2402.0,-3.1897926634768736,2020.0,5,10,3,6,3,10,9.0,10,1,9
620,"株式会社アマナ",2402.0,1.9900497512437807,2020.0,7,10,3,6,3,10,9.0,10,1,9
621,"株式会社ドラフト",5070.0,-2.621359223300971,2018.0,6,7,2,3,2,9,6.0,9,1,9
622,"株式会社ドラフト",5070.0,2.0793950850661624,2019.0,7,8,2,3,2,7,6.0,9,5,4
623,"株式会社ドラフト",5070.0,102.96296296296296,2020.0,10,7,3,3,3,8,8.0,9,5,4
624,"株式会社ドラフト",5070.0,-7.755474452554745,2020.0,5,7,6,6,4,8,8.0,4,5,2
625,"株式会社ドラフト",5070.0,-12.316715542521994,2020.0,4,7,5,6,6,8,8.0,4,6,2
626,"株式会社ビザスク",4490.0,46.33879781420765,2018.0,10,2,8,7,6,9,2.0,1,1,3
627,"株式会社ビザスク",4490.0,46.33879781420765,2018.0,10,2,8,7,6,9,2.0,1,1,3
628,"株式会社ビザスク",4490.0,46.33879781420765,2019.0,10,3,8,7,6,8,2.0,1,1,3
629,"株式会社ビザスク",4490.0,46.33879781420765,2019.0,10,3,8,7,6,8,2.0,1,1,3
630,"株式会社ビザスク",4490.0,87.35408560311284,2020.0,10,3,9,8,8,6,3.0,2,2,3
631,"株式会社ビザスク",4490.0,0.508646998982706,2020.0,6,4,10,9,9,6,3.0,1,2,3
632,"株式会社ビザスク",4490.0,-13.05668016194332,2020.0,3,4,10,9,10,6,3.0,1,2,3
633,"株式会社ビザスク",4490.0,2.9197080291970803,2020.0,7,5,10,9,10,5,3.0,1,3,3
634,"トヨクモ株式会社",4058.0,-9.25589836660617,2019.0,4,2,9,9,10,2,2.0,2,1,3
635,"トヨクモ株式会社",4058.0,-12.0616570327553,2020.0,4,3,9,9,10,2,2.0,2,3,3
636,"トヨクモ株式会社",4058.0,-6.436077057793345,2020.0,5,3,9,8,9,2,2.0,3,3,3
637,"株式会社アルファポリス",9467.0,15.435897435897436,2018.0,8,6,8,7,8,4,2.0,6,9,10
638,"株式会社アルファポリス",9467.0,-9.736045002163566,2018.0,4,6,9,8,9,4,2.0,6,9,10
639,"株式会社アルファポリス",9467.0,-0.2429543245869776,2018.0,6,6,8,7,8,4,2.0,6,9,10
640,"株式会社アルファポリス",9467.0,10.6673161227472,2019.0,8,5,8,8,9,3,2.0,6,9,10
641,"株式会社アルファポリス",9467.0,15.321411309811502,2019.0,8,5,8,7,8,4,1.0,7,9,10
642,"株式会社アルファポリス",9467.0,8.081705150976909,2019.0,8,5,9,8,9,4,1.0,6,9,10
643,"株式会社アルファポリス",9467.0,26.509635974304068,2019.0,9,6,9,8,8,4,3.0,6,9,10
644,"株式会社アルファポリス",9467.0,0.5077860528097494,2020.0,6,6,9,8,9,4,3.0,5,9,10
645,"株式会社アルファポリス",9467.0,3.738632536207477,2020.0,7,7,9,8,9,3,3.0,6,9,10
646,"株式会社アルファポリス",9467.0,6.217616580310881,2020.0,7,7,9,8,10,3,3.0,6,10,10
647,"株式会社アルファポリス",9467.0,-2.6948051948051948,2020.0,6,7,9,8,9,3,3.0,6,10,10
648,"株式会社ココペリ",4167.0,-20.59659090909091,2019.0,2,1,10,9,10,5,2.0,1,1,3
649,"株式会社ココペリ",4167.0,-8.034188034188034,2020.0,5,1,10,9,10,2,2.0,1,3,3
650,"株式会社ココペリ",4167.0,-30.37037037037037,2020.0,1,1,10,9,10,2,2.0,1,5,10
651,"株式会社Aiming",3911.0,12.0,2018.0,8,9,2,7,2,9,5.0,8,6,6
652,"株式会社Aiming",3911.0,-0.78125,2018.0,6,8,2,7,2,9,5.0,7,6,6
653,"株式会社Aiming",3911.0,-7.272727272727272,2018.0,5,8,2,7,2,9,5.0,7,5,6
654,"株式会社Aiming",3911.0,-24.362606232294617,2019.0,2,8,2,7,2,9,5.0,8,7,6
655,"株式会社Aiming",3911.0,1.1235955056179776,2019.0,6,6,1,6,1,7,5.0,6,5,6
656,"株式会社Aiming",3911.0,98.47908745247148,2019.0,10,5,1,6,1,7,6.0,4,5,6
657,"株式会社Aiming",3911.0,58.31533477321814,2019.0,10,5,2,8,2,6,1.0,2,3,6
658,"株式会社Aiming",3911.0,8.91891891891892,2020.0,8,5,4,9,2,5,1.0,2,4,6
659,"株式会社Aiming",3911.0,-39.33002481389578,2020.0,1,5,4,9,5,4,1.0,3,7,1
660,"株式会社Aiming",3911.0,-8.588957055214724,2020.0,4,6,2,8,4,2,1.0,5,9,1
661,"株式会社Aiming",3911.0,-12.82051282051282,2020.0,4,7,2,7,2,2,1.0,8,9,1
662,"トレンダーズ株式会社",6069.0,28.59259259259259,2018.0,9,3,3,3,6,2,6.0,8,6,4
663,"トレンダーズ株式会社",6069.0,-33.13609467455622,2018.0,1,2,4,4,4,2,6.0,4,6,1
664,"トレンダーズ株式会社",6069.0,-11.367673179396093,2018.0,4,3,3,2,4,2,6.0,6,6,1
665,"トレンダーズ株式会社",6069.0,32.26452905811623,2019.0,9,2,2,2,3,2,6.0,7,6,4
666,"トレンダーズ株式会社",6069.0,21.99687987519501,2019.0,9,2,3,3,3,2,6.0,5,6,1
667,"トレンダーズ株式会社",6069.0,-32.662721893491124,2019.0,1,5,4,4,3,7,6.0,4,6,6
668,"トレンダーズ株式会社",6069.0,29.66417910447761,2019.0,9,5,3,2,2,7,6.0,7,7,4
669,"トレンダーズ株式会社",6069.0,-9.352517985611511,2020.0,4,5,3,3,2,7,6.0,8,7,4
670,"トレンダーズ株式会社",6069.0,16.03174603174603,2020.0,8,5,3,3,4,7,6.0,6,7,4
671,"トレンダーズ株式会社",6069.0,-13.981358189081226,2020.0,3,5,4,3,3,7,5.0,6,7,6
672,"トレンダーズ株式会社",6069.0,37.13405238828968,2020.0,9,6,3,3,3,7,5.0,8,7,4
673,"Ｋｕｄａｎ株式会社",4425.0,-17.917077986179663,2018.0,3,1,10,10,10,2,1.0,1,2,3
674,"Ｋｕｄａｎ株式会社",4425.0,-46.57458563535912,2018.0,1,1,10,10,10,2,1.0,1,2,3
675,"Ｋｕｄａｎ株式会社",4425.0,-5.4808686659772485,2019.0,5,1,10,10,10,2,1.0,1,3,3
676,"Ｋｕｄａｎ株式会社",4425.0,-22.78481012658228,2019.0,2,1,10,10,10,2,1.0,1,2,3
677,"Ｋｕｄａｎ株式会社",4425.0,-14.1156462585034,2019.0,3,2,10,9,10,2,1.0,1,2,3
678,"Ｋｕｄａｎ株式会社",4425.0,-41.16719242902208,2019.0,1,3,10,9,9,6,1.0,1,2,3
679,"Ｋｕｄａｎ株式会社",4425.0,-18.90080428954424,2020.0,2,3,10,9,10,6,1.0,1,4,3
680,"Ｋｕｄａｎ株式会社",4425.0,10.909090909090908,2020.0,8,1,9,8,10,2,1.0,3,8,10
681,"Ｋｕｄａｎ株式会社",4425.0,21.100917431192663,2020.0,9,1,9,8,9,2,2.0,2,7,10
682,"Ｋｕｄａｎ株式会社",4425.0,-15.873015873015872,2020.0,3,1,10,9,10,2,1.0,2,4,3
683,"オンコリスバイオファーマ株式会社",4588.0,18.54684512428298,2018.0,9,3,2,3,3,6,1.0,8,7,6
684,"オンコリスバイオファーマ株式会社",4588.0,181.8759936406996,2018.0,10,3,3,4,4,6,1.0,8,7,6
685,"オンコリスバイオファーマ株式会社",4588.0,-1.327433628318584,2018.0,6,3,9,9,6,6,1.0,3,7,10
686,"オンコリスバイオファーマ株式会社",4588.0,-0.5821764442454098,2019.0,6,4,8,9,9,7,1.0,3,7,10
687,"オンコリスバイオファーマ株式会社",4588.0,-10.45045045045045,2019.0,4,4,8,9,8,6,1.0,4,8,10
688,"オンコリスバイオファーマ株式会社",4588.0,-13.39375629405841,2019.0,3,4,8,9,8,6,1.0,4,8,10
689,"オンコリスバイオファーマ株式会社",4588.0,-3.806015960712093,2019.0,5,5,7,8,8,6,2.0,5,8,10
690,"オンコリスバイオファーマ株式会社",4588.0,43.58490566037736,2020.0,10,4,7,8,6,6,2.0,4,8,10
691,"オンコリスバイオファーマ株式会社",4588.0,-25.317564607971967,2020.0,2,4,9,9,9,6,2.0,3,7,10
692,"オンコリスバイオファーマ株式会社",4588.0,-25.747800586510262,2020.0,2,4,7,8,8,7,2.0,3,7,10
693,"オンコリスバイオファーマ株式会社",4588.0,8.264462809917356,2020.0,8,4,6,8,7,7,2.0,4,6,10
694,"株式会社ヘッドウォータース",4011.0,12.734082397003746,2019.0,8,1,10,7,10,5,2.0,2,1,3
695,"株式会社ヘッドウォータース",4011.0,12.734082397003746,2019.0,8,1,10,7,10,5,2.0,2,1,3
696,"株式会社ヘッドウォータース",4011.0,12.734082397003746,2020.0,8,1,10,7,10,2,2.0,2,2,3
697,"株式会社ヘッドウォータース",4011.0,12.734082397003746,2020.0,8,1,10,7,10,2,2.0,2,2,3
698,"株式会社ヘッドウォータース",4011.0,-36.33136094674556,2020.0,1,1,10,7,10,2,2.0,2,2,3
699,"株式会社ジーンテクノサイエンス",4584.0,-12.147505422993492,2018.0,4,1,5,8,5,2,1.0,3,7,10
700,"株式会社ジーンテクノサイエンス",4584.0,-18.65853658536585,2018.0,2,2,4,7,4,2,1.0,4,7,1
701,"株式会社ジーンテクノサイエンス",4584.0,6.176470588235294,2018.0,7,2,3,7,4,2,1.0,5,7,1
702,"株式会社ジーンテクノサイエンス",4584.0,9.002770083102494,2019.0,8,2,4,8,3,3,1.0,3,7,1
703,"株式会社ジーンテクノサイエンス",4584.0,17.746113989637305,2019.0,9,3,4,8,4,4,1.0,3,7,1
704,"株式会社ジーンテクノサイエンス",4584.0,-14.687882496940023,2019.0,3,7,4,8,5,8,1.0,4,6,6
705,"株式会社ジーンテクノサイエンス",4584.0,-14.421768707482991,2019.0,3,7,4,8,3,8,1.0,4,4,6
706,"株式会社ジーンテクノサイエンス",4584.0,-18.91891891891892,2020.0,2,7,3,8,4,8,1.0,5,5,6
707,"株式会社ジーンテクノサイエンス",4584.0,-0.9803921568627452,2020.0,6,7,2,7,3,8,1.0,5,4,6
708,"株式会社ジーンテクノサイエンス",4584.0,-13.41222879684418,2020.0,3,7,2,7,2,8,1.0,4,5,6
709,"株式会社ジーンテクノサイエンス",4584.0,53.30296127562642,2020.0,10,8,2,7,3,8,1.0,4,5,6
710,"株式会社スタメン",4019.0,-20.09873060648801,2019.0,2,2,7,6,8,6,1.0,4,1,3
711,"株式会社スタメン",4019.0,3.2667876588021776,2020.0,7,3,6,6,7,6,1.0,5,2,3
712,"株式会社ケアネット",2150.0,16.3727959697733,2018.0,8,4,1,5,1,2,2.0,7,6,1
713,"株式会社ケアネット",2150.0,-12.892741061755148,2018.0,3,4,1,6,1,2,2.0,5,6,1
714,"株式会社ケアネット",2150.0,-14.124999999999998,2018.0,3,4,1,5,1,2,2.0,6,7,1
715,"株式会社ケアネット",2150.0,-6.502890173410404,2019.0,5,3,1,4,1,2,2.0,6,6,1
716,"株式会社ケアネット",2150.0,19.783616692426584,2019.0,9,3,1,4,1,2,2.0,7,6,1
717,"株式会社ケアネット",2150.0,7.152682255845942,2019.0,8,3,1,5,1,2,2.0,6,6,1
718,"株式会社ケアネット",2150.0,46.32258064516129,2019.0,10,5,1,5,1,2,2.0,6,6,1
719,"株式会社ケアネット",2150.0,127.10892710892712,2020.0,10,7,1,7,1,7,3.0,6,6,6
720,"株式会社ケアネット",2150.0,89.68626036783267,2020.0,10,7,3,9,2,7,4.0,3,7,6
721,"株式会社ケアネット",2150.0,-16.44486692015209,2020.0,3,7,6,10,4,7,3.0,2,8,2
722,"株式会社ケアネット",2150.0,78.27715355805243,2020.0,10,8,5,9,6,3,4.0,2,8,8
723,"アーキテクツ・スタジオ・ジャパン株式会社",6085.0,-21.714285714285715,2018.0,2,1,8,2,8,2,1.0,5,2,7
724,"アーキテクツ・スタジオ・ジャパン株式会社",6085.0,13.138686131386862,2018.0,8,1,6,1,7,2,1.0,6,2,7
725,"アーキテクツ・スタジオ・ジャパン株式会社",6085.0,-15.209125475285171,2018.0,3,2,7,1,7,2,1.0,6,2,7
726,"アーキテクツ・スタジオ・ジャパン株式会社",6085.0,-38.86397608370702,2019.0,1,1,6,1,6,2,3.0,7,2,7
727,"アーキテクツ・スタジオ・ジャパン株式会社",6085.0,-9.090909090909092,2019.0,4,1,4,1,5,2,3.0,7,2,7
728,"アーキテクツ・スタジオ・ジャパン株式会社",6085.0,-20.74391988555079,2019.0,2,1,3,1,4,2,3.0,5,1,7
729,"アーキテクツ・スタジオ・ジャパン株式会社",6085.0,9.89247311827957,2019.0,8,2,2,1,2,2,"",4,1,7
730,"アーキテクツ・スタジオ・ジャパン株式会社",6085.0,44.422700587084144,2020.0,10,1,2,1,3,2,"",7,1,7
731,"アーキテクツ・スタジオ・ジャパン株式会社",6085.0,14.905149051490516,2020.0,8,1,4,1,4,2,"",3,1,7
732,"アーキテクツ・スタジオ・ジャパン株式会社",6085.0,27.81456953642384,2020.0,9,1,4,1,4,2,"",4,1,7
733,"アーキテクツ・スタジオ・ジャパン株式会社",6085.0,16.99481865284974,2020.0,8,2,5,1,4,8,"",5,1,7
734,"株式会社メディアフラッグ",6067.0,101.52963671128109,2018.0,10,7,5,3,5,9,7.0,9,5,4
735,"株式会社メディアフラッグ",6067.0,-18.57843137254902,2018.0,2,7,8,6,7,8,7.0,5,5,2
736,"株式会社メディアフラッグ",6067.0,187.856071964018,2018.0,10,7,8,6,6,8,5.0,5,6,2
737,"インパクトホールディングス株式会社",6067.0,-51.58450704225353,2019.0,1,8,10,9,10,9,6.0,3,6,2
738,"インパクトホールディングス株式会社 (旧会社名  株式会社メディアフラッグ) ",6067.0,-31.345454545454544,2019.0,1,9,9,8,10,10,6.0,4,4,2
739,"インパクトホールディングス株式会社 （旧会社名　株式会社メディアフラッグ)",6067.0,18.821689259645463,2019.0,9,9,8,7,7,10,6.0,4,4,2
740,"インパクトホールディングス株式会社(旧会社名　株式会社メディアフラッグ)",6067.0,-29.508196721311474,2019.0,1,9,8,7,8,10,6.0,4,5,2
741,"インパクトホールディングス株式会社",6067.0,62.63048016701461,2020.0,10,9,7,6,6,10,7.0,8,6,9
742,"インパクトホールディングス株式会社",6067.0,47.625160462130935,2020.0,10,9,9,8,7,10,7.0,7,6,2
743,"インパクトホールディングス株式会社",6067.0,-35.333333333333336,2020.0,1,9,10,8,9,10,7.0,4,7,2
744,"インパクトホールディングス株式会社",6067.0,8.653846153846153,2020.0,8,9,8,7,9,9,7.0,8,7,2
745,"ニューラルポケット株式会社",4056.0,-0.6568144499178982,2019.0,6,2,10,10,10,8,3.0,1,2,3
746,"ニューラルポケット株式会社",4056.0,77.05382436260622,2020.0,10,4,10,9,10,8,4.0,1,3,3
747,"ニューラルポケット株式会社",4056.0,-13.659359190556492,2020.0,3,4,10,10,10,8,5.0,1,3,3
748,"ソフトマックス株式会社",3671.0,1.1029411517212553,2018.0,6,8,2,1,2,8,8.0,10,5,4
749,"ソフトマックス株式会社",3671.0,36.29091050490699,2018.0,9,8,2,1,2,8,8.0,10,5,4
750,"ソフトマックス株式会社",3671.0,43.52331743857641,2018.0,10,8,3,2,2,8,8.0,10,5,4
751,"ソフトマックス株式会社",3671.0,14.947368421052632,2019.0,8,8,5,4,4,8,8.0,9,5,4
752,"ソフトマックス株式会社",3671.0,9.065934065934066,2019.0,8,8,6,4,6,8,8.0,9,5,4
753,"ソフトマックス株式会社",3671.0,-30.303030303030305,2019.0,1,8,6,4,5,8,8.0,9,6,9
754,"ソフトマックス株式会社",3671.0,30.37249283667622,2019.0,9,9,3,2,5,8,8.0,10,6,4
755,"ソフトマックス株式会社",3671.0,-19.306930693069308,2020.0,2,9,5,4,2,8,8.0,9,6,9
756,"ソフトマックス株式会社",3671.0,61.96319018404908,2020.0,10,8,4,3,5,8,8.0,10,6,4
757,"ソフトマックス株式会社",3671.0,-10.075757575757576,2020.0,4,8,6,5,7,8,8.0,8,6,2
758,"ソフトマックス株式会社",3671.0,16.036036036036037,2020.0,8,9,6,4,6,8,9.0,9,7,4
759,"ＧＭＯリサーチ株式会社",3695.0,1.0149253731343284,2018.0,6,4,7,1,7,2,4.0,6,3,7
760,"ＧＭＯリサーチ株式会社 ",3695.0,-4.491725768321513,2018.0,5,4,7,1,8,2,5.0,6,4,7
761,"ＧＭＯリサーチ株式会社",3695.0,2.5293028994447875,2018.0,7,4,7,1,7,4,4.0,5,4,7
762,"ＧＭＯリサーチ株式会社",3695.0,20.52858020897357,2019.0,9,4,7,1,8,2,4.0,7,4,7
763,"ＧＭＯリサーチ株式会社",3695.0,-10.504844467108615,2019.0,4,4,8,2,8,2,4.0,5,4,7
764,"ＧＭＯリサーチ株式会社 ",3695.0,-13.166855845629966,2019.0,3,3,8,2,8,2,3.0,5,4,7
765,"ＧＭＯリサーチ株式会社",3695.0,9.170305676855897,2019.0,8,4,6,1,8,4,3.0,7,4,7
766,"GMOリサーチ株式会社",3695.0,6.9127516778523495,2020.0,7,4,7,1,5,2,3.0,8,4,7
767,"GMOリサーチ株式会社",3695.0,13.308223477715003,2020.0,8,4,7,1,8,2,3.0,7,4,7
768,"ＧＭＯリサーチ株式会社 ",3695.0,-2.936288088642659,2020.0,6,3,8,1,7,2,3.0,6,4,7
769,"ＧＭＯリサーチ株式会社",3695.0,17.538975501113583,2020.0,8,4,8,1,7,3,2.0,7,4,7
770,"株式会社ＡＬｉＮＫインターネット",7077.0,-35.887573964497044,2018.0,1,1,9,5,10,2,3.0,3,2,3
771,"株式会社ＡＬｉＮＫインターネット",7077.0,-35.887573964497044,2018.0,1,1,9,5,10,2,3.0,3,2,3
772,"株式会社ＡＬｉＮＫインターネット",7077.0,-35.887573964497044,2019.0,1,1,9,5,10,2,2.0,3,3,3
773,"株式会社ＡＬｉＮＫインターネット",7077.0,-35.887573964497044,2019.0,1,1,9,5,10,2,2.0,3,3,3
774,"株式会社ＡＬｉＮＫインターネット",7077.0,28.52744997434582,2019.0,9,1,8,2,9,2,2.0,6,4,7
775,"株式会社ＡＬｉＮＫインターネット",7077.0,14.244306418219464,2020.0,8,1,9,3,9,2,2.0,7,4,7
776,"株式会社ＡＬｉＮＫインターネット",7077.0,-20.0,2020.0,2,1,9,3,9,2,2.0,6,4,7
777,"株式会社ＡＬｉＮＫインターネット",7077.0,-8.019713261648745,2020.0,5,1,8,3,8,2,2.0,7,4,7
778,"株式会社ＡＬｉＮＫインターネット",7077.0,-7.721639656816015,2020.0,5,1,8,2,9,2,2.0,8,4,7
779,"株式会社フィット",1436.0,2.1538461538461537,2018.0,7,7,3,1,4,6,7.0,10,8,4
780,"株式会社フィット",1436.0,-20.48192771084337,2018.0,2,8,3,2,3,8,7.0,10,8,4
781,"株式会社フィット",1436.0,-3.932584269662921,2018.0,5,8,3,1,3,7,7.0,10,8,4
782,"株式会社フィット",1436.0,19.48529411764705,2019.0,9,8,3,2,3,8,7.0,10,8,4
783,"株式会社フィット",1436.0,-29.07692307692308,2019.0,1,8,3,3,3,7,7.0,9,8,4
784,"株式会社フィット",1436.0,29.067245119305856,2019.0,9,8,2,2,4,7,7.0,10,8,4
785,"株式会社フィット",1436.0,64.53781512605042,2019.0,10,8,3,2,3,7,7.0,10,8,4
786,"株式会社フィット",1436.0,32.17391304347826,2020.0,9,9,5,3,4,8,7.0,8,8,4
787,"株式会社フィット",1436.0,1.8001800180018002,2020.0,7,9,6,4,4,8,8.0,9,9,4
788,"株式会社フィット",1436.0,-26.841659610499573,2020.0,1,9,6,4,6,8,8.0,9,9,2
789,"株式会社フィット",1436.0,33.44907407407408,2020.0,9,9,5,2,6,8,9.0,10,9,4
790,"ネットイヤーグループ株式会社",3622.0,73.01927194860814,2018.0,10,4,2,1,3,4,5.0,9,6,4
791,"ネットイヤーグループ株式会社",3622.0,-16.33663366336634,2018.0,3,4,4,3,2,4,1.0,6,5,6
792,"ネットイヤーグループ株式会社",3622.0,-6.102635228848821,2018.0,5,4,4,3,3,4,1.0,7,6,6
793,"ネットイヤーグループ株式会社",3622.0,-9.453471196454949,2019.0,4,3,3,2,4,4,1.0,8,5,7
794,"ネットイヤーグループ株式会社",3622.0,-2.1207177814029365,2019.0,6,3,3,2,3,4,1.0,8,5,6
795,"ネットイヤーグループ株式会社",3622.0,-6.055363321799308,2019.0,5,3,3,2,4,4,1.0,7,5,7
796,"ネットイヤーグループ株式会社",3622.0,2.4263431542461005,2019.0,7,4,3,2,2,3,1.0,7,6,6
797,"ネットイヤーグループ株式会社",3622.0,21.31979695431472,2020.0,9,3,3,2,3,3,1.0,8,5,7
798,"ネットイヤーグループ株式会社",3622.0,0.0,2020.0,6,3,4,3,5,3,1.0,6,5,7
799,"ネットイヤーグループ株式会社",3622.0,2.888583218707016,2020.0,7,4,4,3,3,3,1.0,5,5,6
800,"ネットイヤーグループ株式会社",3622.0,-15.89310829817159,2020.0,3,5,4,3,4,5,1.0,8,6,6
801,"BASE株式会社",4477.0,-48.083834162729225,2018.0,1,9,2,9,1,2,6.0,4,5,1
802,"BASE株式会社",4477.0,-48.083834162729225,2018.0,1,9,2,9,1,2,6.0,4,5,1
803,"BASE株式会社",4477.0,-48.083834162729225,2019.0,1,9,2,9,1,2,6.0,4,4,1
804,"BASE株式会社",4477.0,-48.083834162729225,2019.0,1,9,2,9,1,2,6.0,4,4,1
805,"BASE株式会社",4477.0,102.6865671641791,2019.0,10,9,2,9,2,2,6.0,6,8,1
806,"BASE株式会社",4477.0,176.13293051359517,2020.0,10,9,3,10,1,2,6.0,3,8,8
807,"BASE株式会社",4477.0,8.424507658643327,2020.0,8,10,8,10,5,2,6.0,2,8,8
808,"BASE株式会社",4477.0,31.48335015136226,2020.0,9,10,8,10,8,4,6.0,2,8,8
809,"BASE株式会社",4477.0,-29.48490230905861,2020.0,1,10,9,10,8,2,6.0,3,10,8
810,"株式会社ジェイック",7073.0,-56.05670103092783,2018.0,1,7,10,5,10,10,5.0,7,1,2
811,"株式会社ジェイック",7073.0,-55.6875,2019.0,1,6,10,5,10,9,5.0,7,2,2
812,"株式会社ジェイック",7073.0,17.77150916784203,2019.0,9,5,10,2,10,7,5.0,9,3,7
813,"株式会社ジェイック",7073.0,-18.562874251497004,2020.0,2,5,10,2,9,8,5.0,8,2,7
814,"株式会社ジェイック",7073.0,-15.941176470588236,2020.0,3,6,10,2,9,9,6.0,9,2,7
815,"株式会社ジェイック",7073.0,9.380530973451329,2020.0,8,6,9,2,9,10,6.0,10,2,4
816,"株式会社ジェイック",7073.0,-17.170111287758345,2020.0,3,6,9,2,9,9,6.0,9,2,7
817,"バルミューダ株式会社",6612.0,-31.8955732122588,2019.0,1,9,10,10,10,7,7.0,2,5,2
818,"バルミューダ株式会社",6612.0,2.006172839506173,2020.0,7,9,10,9,10,6,7.0,3,9,2
819,"株式会社ヴィス",5071.0,-5.66615620214395,2018.0,5,8,3,2,4,5,9.0,10,6,4
820,"株式会社ヴィス",5071.0,-3.697996918335902,2019.0,5,7,3,2,3,2,9.0,10,8,4
821,"株式会社ヴィス",5071.0,1.44,2020.0,7,5,3,2,4,2,9.0,10,8,4
822,"株式会社ヴィス",5071.0,0.946372239747634,2020.0,6,5,3,2,4,2,9.0,10,8,4
823,"株式会社ヴィス",5071.0,-2.857142857142857,2020.0,6,6,3,2,3,2,9.0,9,8,4
824,"株式会社ヴィス",5071.0,-9.791332263242374,2020.0,4,6,3,2,3,2,9.0,10,8,4
825,"ENECHANGE株式会社",4169.0,-3.626251390433816,2019.0,5,4,8,9,6,9,4.0,2,1,3
826,"ENECHANGE株式会社",4169.0,-22.867924528301884,2020.0,2,5,9,9,9,9,3.0,2,2,3
827,"株式会社ＪＭＣ",5704.0,27.89223454833597,2018.0,9,4,7,5,6,6,9.0,3,6,8
828,"株式会社ＪＭＣ",5704.0,-37.94808405438813,2018.0,1,5,8,6,9,7,9.0,3,6,2
829,"株式会社ＪＭＣ",5704.0,50.697674418604656,2018.0,10,5,6,5,6,7,9.0,5,6,4
830,"株式会社ＪＭＣ",5704.0,-15.818281335522716,2019.0,3,5,8,6,6,6,9.0,2,6,2
831,"株式会社ＪＭＣ",5704.0,-17.945383615084527,2019.0,3,6,7,6,8,7,9.0,4,7,2
832,"株式会社ＪＭＣ",5704.0,-32.15130023640662,2019.0,1,6,6,5,6,8,9.0,3,7,2
833,"株式会社ＪＭＣ",5704.0,-9.63572267920094,2019.0,4,6,4,4,6,8,10.0,2,7,2
834,"株式会社ＪＭＣ",5704.0,-1.4204545454545454,2020.0,6,7,4,3,4,8,10.0,3,7,9
835,"株式会社ＪＭＣ",5704.0,17.002881844380404,2020.0,8,6,3,3,4,8,10.0,2,6,9
836,"株式会社ＪＭＣ",5704.0,4.679802955665025,2020.0,7,7,4,4,5,8,10.0,2,6,9
837,"株式会社ＪＭＣ",5704.0,-2.8678304239401498,2020.0,6,7,4,4,4,8,10.0,2,6,9
838,"株式会社クリーマ",4017.0,-18.06083650190114,2019.0,3,7,10,9,10,8,2.0,3,1,3
839,"株式会社クリーマ",4017.0,-16.472868217054263,2020.0,3,8,10,9,10,7,2.0,3,2,3
840,"株式会社クリーマ",4017.0,-16.22596153846154,2020.0,3,8,10,9,10,7,2.0,4,3,3
841,"株式会社アクシス",4012.0,17.647058823529413,2019.0,8,3,7,4,9,4,4.0,7,4,7
842,"株式会社アクシス",4012.0,17.647058823529413,2019.0,9,3,7,4,9,4,4.0,7,4,7
843,"株式会社アクシス",4012.0,17.647058823529413,2020.0,9,4,7,4,9,2,4.0,7,5,7
844,"株式会社アクシス",4012.0,17.647058823529413,2020.0,9,4,7,4,9,2,4.0,7,5,7
845,"株式会社アクシス",4012.0,-6.5432098765432105,2020.0,5,4,8,5,8,2,4.0,6,5,7
846,"株式会社いつも",7694.0,-15.441176470588236,2019.0,3,7,10,8,9,10,5.0,3,1,2
847,"株式会社いつも",7694.0,-8.823529411764707,2020.0,4,7,10,8,10,7,5.0,4,5,2
848,"株式会社いつも",7694.0,-35.05494505494505,2020.0,1,8,10,8,10,7,5.0,5,6,2
849,"ＳＢＩインシュアランスグループ株式会社",7326.0,-11.717022844509948,2018.0,4,10,6,9,8,2,7.0,1,10,8
850,"ＳＢＩインシュアランスグループ株式会社",7326.0,10.57046979865772,2018.0,8,10,6,9,5,2,7.0,1,10,8
851,"ＳＢＩインシュアランスグループ株式会社",7326.0,-2.756508422664625,2018.0,6,10,6,9,6,2,7.0,1,10,8
852,"ＳＢＩインシュアランスグループ株式会社",7326.0,-6.850393700787402,2019.0,5,10,6,9,6,2,7.0,1,10,8
853,"ＳＢＩインシュアランスグループ株式会社",7326.0,-18.880534670008352,2019.0,2,10,6,9,6,2,8.0,1,10,8
854,"ＳＢＩインシュアランスグループ株式会社",7326.0,0.932642487046632,2019.0,6,10,5,8,6,2,8.0,1,10,8
855,"ＳＢＩインシュアランスグループ株式会社",7326.0,64.91978609625669,2019.0,10,10,5,8,4,2,8.0,1,10,8
856,"ＳＢＩインシュアランスグループ株式会社",7326.0,-2.010376134889753,2020.0,6,10,7,9,5,2,8.0,1,10,8
857,"ＳＢＩインシュアランスグループ株式会社",7326.0,-14.626075446724023,2020.0,3,10,7,9,8,2,8.0,1,10,8
858,"ＳＢＩインシュアランスグループ株式会社",7326.0,4.921875,2020.0,7,10,6,9,6,2,7.0,1,10,8
859,"ＳＢＩインシュアランスグループ株式会社",7326.0,-2.742772424017791,2020.0,6,10,6,9,6,2,8.0,1,10,8
860,"ＧＭＯメディア株式会社",6180.0,-10.122989593188269,2018.0,4,6,8,2,9,2,6.0,7,7,7
861,"ＧＭＯメディア株式会社",6180.0,-18.75,2018.0,2,6,8,2,9,3,6.0,6,7,7
862,"GMOメディア株式会社 ",6180.0,2.9581993569131835,2018.0,7,6,7,1,7,4,6.0,7,7,4
863,"ＧＭＯメディア株式会社",6180.0,-2.0522388059701493,2019.0,6,6,7,1,7,3,5.0,8,7,7
864,"ＧＭＯメディア株式会社",6180.0,-6.158730158730159,2019.0,5,6,7,1,7,3,5.0,9,7,7
865,"ＧＭＯメディア株式会社",6180.0,1.0046885465505693,2019.0,6,6,7,1,7,3,5.0,8,7,7
866,"GMOメディア株式会社 ",6180.0,-9.892328398384926,2019.0,4,6,7,1,7,4,5.0,7,7,7
867,"ＧＭＯメディア株式会社",6180.0,18.4407796101949,2020.0,9,6,6,1,5,4,4.0,9,7,4
868,"ＧＭＯメディア株式会社",6180.0,0.4430379746835443,2020.0,6,6,7,1,8,3,4.0,8,6,7
869,"ＧＭＯメディア株式会社",6180.0,-10.081915563957152,2020.0,4,6,7,1,7,3,4.0,7,6,7
870,"GMOメディア株式会社 ",6180.0,34.08316291751874,2020.0,9,7,7,1,7,3,4.0,9,6,4
871,"株式会社Ｍマート",4380.0,-48.44444444444444,2018.0,1,2,6,4,6,4,1.0,5,2,7
872,"株式会社Ｍマート",4380.0,25.313479623824453,2018.0,9,2,3,1,6,4,1.0,8,2,7
873,"株式会社Ｍマート",4380.0,9.69355847404628,2018.0,8,2,4,2,3,4,1.0,7,2,7
874,"株式会社Ｍマート",4380.0,-0.9044657998869418,2019.0,6,2,5,2,5,3,1.0,6,2,7
875,"株式会社Ｍマート",4380.0,-13.129102844638949,2019.0,3,2,5,3,5,3,1.0,6,2,7
876,"株式会社Ｍマート",4380.0,-33.50125944584383,2019.0,1,2,4,2,5,3,1.0,7,2,7
877,"株式会社Ｍマート",4380.0,45.17045454545455,2019.0,10,2,2,1,4,3,1.0,9,2,7
878,"株式会社Ｍマート",4380.0,65.29680365296804,2020.0,10,2,4,2,4,3,1.0,8,2,7
879,"株式会社Ｍマート",4380.0,-22.839506172839503,2020.0,2,2,6,4,3,3,1.0,5,2,7
880,"株式会社Ｍマート",4380.0,13.631522896698616,2020.0,8,3,5,3,6,3,1.0,7,2,7
881,"株式会社Ｍマート",4380.0,8.363636363636363,2020.0,8,2,6,3,5,3,1.0,7,3,7
882,"株式会社トランスジェニック",2342.0,-8.982035928143713,2018.0,4,6,2,5,3,5,9.0,5,9,5
883,"株式会社トランスジェニック",2342.0,1.9650655021834065,2018.0,7,6,2,5,2,5,9.0,5,9,5
884,"株式会社トランスジェニック",2342.0,-7.158351409978309,2018.0,5,6,2,5,2,5,9.0,5,9,5
885,"株式会社トランスジェニック",2342.0,-4.439252336448598,2019.0,5,8,2,5,2,6,9.0,6,9,5
886,"株式会社トランスジェニック",2342.0,-5.134474327628362,2019.0,5,8,2,5,2,7,9.0,7,9,5
887,"株式会社トランスジェニック",2342.0,0.2890173410404624,2019.0,6,8,2,4,2,6,9.0,7,9,5
888,"株式会社トランスジェニック",2342.0,17.91907514450867,2019.0,9,8,2,5,1,7,9.0,8,9,5
889,"株式会社トランスジェニック",2342.0,-5.88235294117647,2020.0,5,8,2,5,2,7,9.0,7,9,5
890,"株式会社トランスジェニック",2342.0,76.04166666666666,2020.0,10,9,2,5,2,8,9.0,9,9,5
891,"株式会社トランスジェニック",2342.0,-9.147286821705428,2020.0,4,9,3,7,2,7,9.0,7,9,5
892,"株式会社トランスジェニック",2342.0,-11.604095563139932,2020.0,4,9,3,6,3,7,9.0,8,9,5
893,"アンジェス株式会社",4563.0,25.833333333333336,2018.0,9,2,2,9,2,3,4.0,3,9,1
894,"アンジェス株式会社",4563.0,37.74403470715836,2018.0,9,2,2,9,3,3,4.0,3,9,1
895,"アンジェス株式会社",4563.0,-35.26570048309179,2018.0,1,2,5,10,2,3,4.0,2,10,1
896,"アンジェス株式会社",4563.0,21.879588839941263,2019.0,9,2,3,10,5,3,5.0,5,10,1
897,"アンジェス株式会社",4563.0,-7.349397590361447,2019.0,5,1,4,10,4,3,5.0,4,10,1
898,"アンジェス株式会社",4563.0,-39.84375,2019.0,1,2,4,10,3,3,5.0,4,10,1
899,"アンジェス株式会社",4563.0,372.5663716814159,2019.0,10,3,2,9,3,3,4.0,6,10,1
900,"アンジェス株式会社",4563.0,4.0894568690095845,2020.0,7,2,7,10,4,3,4.0,2,10,10
901,"アンジェス株式会社",4563.0,-6.507059545733579,2020.0,5,2,7,10,8,3,4.0,3,10,10
902,"アンジェス株式会社",4563.0,-21.40512147078136,2020.0,2,5,7,10,7,3,4.0,2,10,10
903,"アンジェス株式会社",4563.0,-1.7017017017017018,2020.0,6,9,5,10,6,3,6.0,3,10,8
904,"株式会社コパ・コーポレーション",7689.0,-9.45736434108527,2018.0,4,3,10,8,10,5,2.0,2,2,3
905,"株式会社コパ・コーポレーション",7689.0,-9.45736434108527,2018.0,4,3,10,8,10,5,2.0,2,2,3
906,"株式会社コパ・コーポレーション",7689.0,-9.45736434108527,2019.0,4,5,10,8,10,5,3.0,2,4,3
907,"株式会社コパ・コーポレーション",7689.0,-9.45736434108527,2019.0,4,5,10,8,10,5,3.0,2,4,3
908,"株式会社コパ・コーポレーション",7689.0,-38.87530562347188,2020.0,1,5,10,8,10,4,3.0,2,7,10
909,"株式会社コパ・コーポレーション",7689.0,-3.8,2020.0,5,4,10,7,10,3,3.0,3,7,10
910,"株式会社コパ・コーポレーション",7689.0,-34.9780701754386,2020.0,1,4,10,7,10,3,3.0,3,7,10
911,"株式会社コパ・コーポレーション",7689.0,-31.28775834658188,2020.0,1,4,9,5,10,3,3.0,6,7,10
912,"日本アセットマーケティング株式会社",8922.0,-14.40677966101695,2018.0,3,10,1,10,1,6,10.0,1,10,5
913,"日本アセットマーケティング株式会社",8922.0,-6.796116504854369,2018.0,5,10,1,10,1,6,10.0,2,10,5
914,"日本アセットマーケティング株式会社",8922.0,-7.368421052631578,2018.0,5,10,1,10,1,6,10.0,2,10,5
915,"日本アセットマーケティング株式会社",8922.0,-7.954545454545454,2019.0,5,10,1,10,1,6,10.0,1,10,5
916,"日本アセットマーケティング株式会社",8922.0,53.086419753086425,2019.0,10,10,1,10,1,6,10.0,1,10,5
917,"日本アセットマーケティング株式会社",8922.0,-21.138211382113823,2019.0,2,10,1,10,1,6,10.0,1,10,5
918,"日本アセットマーケティング株式会社",8922.0,16.129032258064516,2019.0,8,10,1,10,1,6,10.0,1,10,5
919,"日本アセットマーケティング株式会社",8922.0,4.62962962962963,2020.0,7,10,1,10,1,6,10.0,1,10,5
920,"日本アセットマーケティング株式会社",8922.0,3.5398230088495577,2020.0,7,10,1,10,1,6,10.0,1,10,5
921,"日本アセットマーケティング株式会社",8922.0,-4.310344827586207,2020.0,5,10,1,10,1,6,10.0,1,10,5
922,"日本アセットマーケティング株式会社",8922.0,0.0,2020.0,6,10,1,10,1,5,10.0,1,10,5
923,"日本ホスピスホールディングス株式会社",7061.0,-27.933333333333334,2018.0,1,8,9,8,8,10,9.0,1,1,2
924,"日本ホスピスホールディングス株式会社",7061.0,-26.72811059907834,2019.0,1,8,9,9,8,10,9.0,1,2,2
925,"日本ホスピスホールディングス株式会社",7061.0,-9.853249475890983,2019.0,4,8,9,8,9,10,9.0,2,2,2
926,"日本ホスピスホールディングス株式会社",7061.0,-1.3464991023339317,2019.0,6,8,8,8,8,10,9.0,2,2,2
927,"日本ホスピスホールディングス株式会社",7061.0,-4.4673539518900345,2019.0,5,9,8,8,9,10,9.0,2,3,2
928,"日本ホスピスホールディングス株式会社",7061.0,-8.64864864864865,2020.0,4,9,8,8,7,10,10.0,2,3,2
929,"日本ホスピスホールディングス株式会社",7061.0,17.810650887573964,2020.0,9,9,7,8,8,10,10.0,3,3,2
930,"日本ホスピスホールディングス株式会社",7061.0,-4.470115519839276,2020.0,5,9,8,8,9,10,10.0,2,3,2
931,"日本ホスピスホールディングス株式会社",7061.0,12.386248736097068,2020.0,8,9,8,8,8,10,10.0,2,4,2
932,"株式会社ヤプリ",4168.0,-28.478964401294498,2019.0,1,5,10,10,10,9,6.0,1,2,3
933,"株式会社ヤプリ",4168.0,-15.937499999999998,2020.0,3,4,10,10,10,6,6.0,1,6,10
934,"テクノスデータサイエンス・エンジニアリング株式会社",7046.0,-49.84615384615385,2018.0,1,1,10,7,10,3,3.0,3,4,3
935,"テクノスデータサイエンス・エンジニアリング株式会社",7046.0,10.491803278688524,2018.0,8,1,9,4,10,3,3.0,6,4,7
936,"テクノスデータサイエンス・エンジニアリング株式会社",7046.0,-11.12759643916914,2019.0,4,1,9,4,9,3,3.0,5,4,7
937,"テクノスデータサイエンス・エンジニアリング株式会社",7046.0,10.64891846921797,2019.0,8,4,9,4,9,7,3.0,4,4,3
938,"テクノスデータサイエンス・エンジニアリング株式会社",7046.0,-4.754358161648177,2019.0,5,4,9,5,9,7,3.0,4,4,3
939,"テクノスデータサイエンス・エンジニアリング株式会社",7046.0,2.1538461538461537,2019.0,7,4,9,4,7,7,3.0,5,4,7
940,"テクノスデータサイエンス・エンジニアリング株式会社",7046.0,-12.575301204819278,2020.0,4,1,9,3,9,3,3.0,8,5,7
941,"テクノスデータサイエンス・エンジニアリング株式会社",7046.0,-14.25495262704565,2020.0,3,1,9,2,9,3,3.0,8,5,7
942,"テクノスデータサイエンス・エンジニアリング株式会社",7046.0,-4.771784232365145,2020.0,5,1,8,2,8,3,3.0,9,5,7
943,"テクノスデータサイエンス・エンジニアリング株式会社",7046.0,-17.344173441734416,2020.0,3,1,8,2,8,3,2.0,9,5,7
944,"株式会社ロゼッタ",6182.0,-1.1160714285714286,2018.0,6,5,8,8,8,8,6.0,2,3,2
945,"株式会社ロゼッタ",6182.0,96.61399548532732,2018.0,10,6,8,8,8,7,6.0,1,3,2
946,"株式会社ロゼッタ",6182.0,1.377726750861079,2018.0,7,6,10,9,8,7,6.0,1,3,2
947,"株式会社ロゼッタ",6182.0,-5.912596401028278,2019.0,5,6,10,9,9,6,7.0,1,4,2
948,"株式会社ロゼッタ",6182.0,16.39344262295082,2019.0,8,6,10,9,9,6,7.0,1,4,2
949,"株式会社ロゼッタ",6182.0,-33.68544600938967,2019.0,1,7,10,9,10,7,7.0,1,4,2
950,"株式会社ロゼッタ",6182.0,31.504424778761063,2019.0,9,8,9,9,9,7,8.0,1,4,2
951,"株式会社ロゼッタ",6182.0,-33.86519944979367,2020.0,1,8,10,9,9,7,7.0,1,5,2
952,"株式会社ロゼッタ",6182.0,-20.28357621110673,2020.0,2,8,9,9,9,7,7.0,3,7,2
953,"株式会社ロゼッタ",6182.0,21.6897233201581,2020.0,9,8,8,8,8,7,7.0,4,7,2
954,"株式会社ロゼッタ",6182.0,-33.5,2020.0,1,9,9,9,9,8,7.0,3,7,2
955,"株式会社Kaizen Platform",4170.0,33.39960238568588,2019.0,9,1,7,8,6,3,1.0,4,3,3
956,"株式会社Kaizen Platform",4170.0,-3.7187681580476464,2020.0,5,3,7,8,7,5,1.0,4,7,10
957,"株式会社松屋アールアンドディ",7317.0,69.43605236656596,2018.0,10,8,5,4,2,7,8.0,5,5,9
958,"株式会社松屋アールアンドディ",7317.0,69.43605236656596,2018.0,10,8,5,4,2,7,8.0,5,5,9
959,"株式会社松屋アールアンドディ",7317.0,69.43605236656596,2019.0,10,8,5,4,2,8,8.0,5,6,9
960,"株式会社松屋アールアンドディ",7317.0,69.43605236656596,2019.0,10,8,5,4,2,8,8.0,5,6,9
961,"株式会社松屋アールアンドディ",7317.0,129.59940652818992,2020.0,10,8,6,5,5,7,8.0,5,7,4
962,"株式会社松屋アールアンドディ",7317.0,-17.932148626817447,2020.0,3,9,9,8,7,7,8.0,3,7,2
963,"株式会社松屋アールアンドディ",7317.0,-5.88235294117647,2020.0,5,9,9,7,9,6,8.0,4,7,2
964,"株式会社松屋アールアンドディ",7317.0,-31.88854489164087,2020.0,1,9,9,7,9,7,8.0,4,7,2
965,"株式会社イントランス",3237.0,-20.65217391304348,2018.0,2,8,1,4,1,8,2.0,9,8,6
966,"株式会社イントランス",3237.0,-14.864864864864863,2018.0,3,8,1,4,1,8,2.0,9,8,6
967,"株式会社イントランス",3237.0,-0.7751937984496124,2018.0,6,7,1,3,1,8,2.0,9,8,6
968,"株式会社イントランス",3237.0,0.0,2019.0,6,8,1,4,1,9,3.0,9,8,6
969,"株式会社イントランス",3237.0,-22.04724409448819,2019.0,2,8,1,4,1,9,3.0,7,7,6
970,"株式会社イントランス",3237.0,6.0606060606060606,2019.0,7,8,1,4,1,9,3.0,8,7,6
971,"株式会社イントランス",3237.0,13.432835820895525,2019.0,8,7,1,2,1,9,1.0,9,6,6
972,"株式会社イントランス",3237.0,1.3157894736842104,2020.0,6,7,1,3,1,9,1.0,7,5,6
973,"株式会社イントランス",3237.0,-1.2987012987012987,2020.0,6,7,1,3,1,9,1.0,8,4,6
974,"株式会社イントランス",3237.0,0.0,2020.0,6,7,1,2,1,9,1.0,9,4,6
975,"株式会社イントランス",3237.0,-12.34567901234568,2020.0,4,7,1,2,1,9,1.0,9,3,6
976,"株式会社フェニックスバイオ",6190.0,-20.3016241299304,2018.0,2,2,5,1,5,5,7.0,9,5,7
977,"株式会社フェニックスバイオ",6190.0,9.476661951909476,2018.0,8,2,4,1,3,4,7.0,9,5,4
978,"株式会社フェニックスバイオ",6190.0,40.8660351826793,2018.0,10,2,4,1,4,5,7.0,8,5,4
979,"株式会社フェニックスバイオ",6190.0,-17.77137367915466,2019.0,3,3,5,2,5,4,8.0,7,4,7
980,"株式会社フェニックスバイオ",6190.0,-5.614035087719298,2019.0,5,3,4,1,5,4,8.0,8,4,4
981,"株式会社フェニックスバイオ",6190.0,-8.179419525065963,2019.0,4,4,4,1,4,6,8.0,9,4,4
982,"株式会社フェニックスバイオ",6190.0,0.7429420505200593,2019.0,6,6,3,1,3,9,7.0,10,3,4
983,"株式会社フェニックスバイオ",6190.0,-8.702064896755163,2020.0,4,6,3,1,4,8,8.0,10,3,4
984,"株式会社フェニックスバイオ",6190.0,0.8077544426494345,2020.0,6,6,3,1,4,9,8.0,10,3,4
985,"株式会社フェニックスバイオ",6190.0,0.3284072249589491,2020.0,6,6,3,1,3,9,8.0,10,3,4
986,"株式会社フェニックスバイオ",6190.0,24.30213464696224,2020.0,9,6,3,1,3,9,8.0,10,3,4
987,"株式会社エムビーエス",1401.0,-11.150758251561106,2018.0,4,5,6,5,6,5,8.0,2,6,2
988,"株式会社エムビーエス",1401.0,-8.93574297188755,2018.0,4,4,5,5,5,5,8.0,3,6,8
989,"株式会社エムビーエス",1401.0,-1.88470066518847,2018.0,6,5,5,4,5,5,8.0,4,6,4
990,"株式会社エムビーエス",1401.0,15.124153498871332,2019.0,8,5,5,4,5,5,8.0,5,6,4
991,"株式会社エムビーエス",1401.0,-39.6078431372549,2019.0,1,5,5,5,5,5,8.0,5,7,2
992,"株式会社エムビーエス",1401.0,0.6493506493506493,2019.0,6,5,3,3,4,5,8.0,7,7,4
993,"株式会社エムビーエス",1401.0,12.283464566929132,2019.0,8,5,3,3,4,5,8.0,8,7,4
994,"株式会社エムビーエス",1401.0,-8.273894436519258,2020.0,4,4,4,3,4,5,8.0,6,7,4
995,"株式会社エムビーエス",1401.0,-7.153965785381026,2020.0,5,4,3,3,3,4,8.0,7,7,4
996,"株式会社エムビーエス",1401.0,-4.865771812080537,2020.0,5,5,3,2,3,3,7.0,8,7,4
997,"株式会社エムビーエス",1401.0,-10.720562390158172,2020.0,4,5,3,2,3,3,7.0,8,7,4
998,"ITbookホールディングス株式会社",1447.0,-28.50574712643678,2018.0,1,9,2,6,2,9,8.0,9,7,5
999,"ITbookホールディングス株式会社",1447.0,-2.280130293159609,2018.0,6,10,1,6,2,9,8.0,10,7,5
1000,"ITbookホールディングス株式会社",1447.0,29.33333333333333,2019.0,9,10,1,6,2,9,9.0,10,7,5
1001,"ITbookホールディングス株式会社",1447.0,45.83333333333333,2019.0,10,10,2,6,2,9,9.0,10,6,9
1002,"ITbookホールディングス株式会社",1447.0,-1.5625,2019.0,6,10,2,7,3,10,9.0,9,6,5
1003,"ITbookホールディングス株式会社",1447.0,7.014028056112225,2019.0,7,10,2,7,2,9,9.0,8,7,5
1004,"ITbookホールディングス株式会社",1447.0,19.101123595505616,2020.0,9,10,3,7,4,9,9.0,8,6,9
1005,"ITbookホールディングス株式会社",1447.0,-22.955974842767297,2020.0,2,10,3,8,4,10,9.0,9,5,9
1006,"ITbookホールディングス株式会社",1447.0,4.741379310344827,2020.0,7,10,2,7,3,10,9.0,9,5,9
1007,"ITbookホールディングス株式会社",1447.0,-12.582781456953644,2020.0,4,10,2,7,2,10,9.0,9,8,5
1008,"日通システム株式会社",4013.0,-16.927621861152144,2019.0,3,5,10,8,10,5,7.0,2,5,2
1009,"日通システム株式会社",4013.0,-16.927621861152144,2019.0,3,5,10,8,10,5,7.0,2,5,2
1010,"日通システム株式会社",4013.0,-16.927621861152144,2020.0,3,5,10,8,10,5,7.0,2,6,2
1011,"日通システム株式会社",4013.0,-16.927621861152144,2020.0,3,5,10,8,10,5,7.0,2,6,2
1012,"勤次郎株式会社（旧会社名　日通システム株式会社）",4013.0,-22.45529573590096,2020.0,2,5,9,8,9,4,7.0,8,10,10
1013,"トラストホールディングス株式会社",3286.0,-1.643835616438356,2018.0,6,10,2,6,2,10,10.0,10,2,9
1014,"トラストホールディングス株式会社",3286.0,-1.3774104683195594,2018.0,6,10,2,6,2,10,10.0,10,1,9
1015,"トラストホールディングス株式会社",3286.0,4.748603351955307,2018.0,7,10,2,5,2,10,10.0,10,2,9
1016,"トラストホールディングス株式会社",3286.0,5.333333333333334,2019.0,7,10,2,6,2,10,10.0,10,2,9
1017,"トラストホールディングス株式会社",3286.0,-13.043478260869565,2019.0,3,10,2,5,2,10,10.0,10,2,9
1018,"トラストホールディングス株式会社",3286.0,-6.647398843930636,2019.0,5,10,2,5,1,10,10.0,10,3,9
1019,"トラストホールディングス株式会社",3286.0,4.3343653250774,2019.0,7,10,2,5,2,10,10.0,10,2,9
1020,"トラストホールディングス株式会社",3286.0,2.373887240356084,2020.0,7,10,2,5,2,10,10.0,10,2,9
1021,"トラストホールディングス株式会社",3286.0,7.7142857142857135,2020.0,8,10,2,4,2,10,10.0,10,2,9
1022,"トラストホールディングス株式会社",3286.0,-8.847184986595174,2020.0,4,10,2,4,2,10,10.0,10,2,9
1023,"ステラファーマ株式会社",4888.0,5.017921146953405,2019.0,7,7,3,7,5,10,5.0,4,2,9
1024,"ステラファーマ株式会社",4888.0,5.017921146953405,2019.0,7,7,3,7,5,10,5.0,4,2,9
1025,"ステラファーマ株式会社",4888.0,5.017921146953405,2020.0,7,7,3,7,5,10,5.0,4,1,9
1026,"ステラファーマ株式会社",4888.0,5.017921146953405,2020.0,7,7,3,7,5,10,5.0,4,1,9
1027,"ヒューマン・メタボローム・テクノロジーズ株式会社",6090.0,-24.660633484162897,2018.0,2,1,6,5,8,4,6.0,5,4,7
1028,"ヒューマン・メタボローム・テクノロジーズ株式会社",6090.0,-12.077789150460594,2018.0,4,1,5,3,5,4,6.0,6,4,7
1029,"ヒューマン・メタボローム・テクノロジーズ株式会社",6090.0,-17.81094527363184,2018.0,3,1,5,4,5,4,6.0,5,3,7
1030,"ヒューマン・メタボローム・テクノロジーズ株式会社",6090.0,-9.41320293398533,2019.0,4,1,4,3,4,4,6.0,6,3,7
1031,"ヒューマン・メタボローム・テクノロジーズ株式会社",6090.0,46.57534246575342,2019.0,10,2,4,3,4,4,6.0,6,3,7
1032,"ヒューマン・メタボローム・テクノロジーズ株式会社",6090.0,20.939334637964773,2019.0,9,2,5,4,2,4,6.0,6,4,4
1033,"ヒューマン・メタボローム・テクノロジーズ株式会社",6090.0,-25.80906148867314,2019.0,2,2,6,5,6,4,6.0,5,3,7
1034,"ヒューマン・メタボローム・テクノロジーズ株式会社",6090.0,7.088331515812432,2020.0,8,1,5,3,6,4,6.0,5,3,7
1035,"ヒューマン・メタボローム・テクノロジーズ株式会社",6090.0,-12.182203389830509,2020.0,4,1,5,3,4,5,6.0,5,3,7
1036,"ヒューマン・メタボローム・テクノロジーズ株式会社",6090.0,-7.478890229191798,2020.0,5,2,4,3,5,5,6.0,7,4,7
1037,"あんしん保証株式会社",7183.0,-21.27659574468085,2018.0,2,5,1,4,2,7,2.0,3,6,6
1038,"あんしん保証株式会社",7183.0,34.36123348017621,2018.0,9,6,1,3,1,7,2.0,5,6,6
1039,"あんしん保証株式会社",7183.0,-21.26984126984127,2018.0,2,7,2,4,1,7,1.0,4,6,6
1040,"あんしん保証株式会社",7183.0,5.64516129032258,2019.0,7,7,1,3,1,5,1.0,5,6,6
1041,"あんしん保証株式会社",7183.0,47.54716981132076,2019.0,10,7,1,3,1,5,3.0,5,7,6
1042,"あんしん保証株式会社",7183.0,-18.28254847645429,2019.0,3,7,2,4,1,5,3.0,4,7,6
1043,"あんしん保証株式会社",7183.0,1.9672131147540983,2019.0,7,8,1,3,1,5,3.0,5,7,6
1044,"あんしん保証株式会社",7183.0,31.511254019292608,2020.0,9,8,1,4,1,5,3.0,5,7,6
1045,"あんしん保証株式会社",7183.0,-3.4229828850855744,2020.0,5,8,2,5,2,5,3.0,5,7,6
1046,"あんしん保証株式会社",7183.0,-9.5,2020.0,4,8,2,5,2,5,3.0,5,7,6
1047,"あんしん保証株式会社",7183.0,-15.083798882681563,2020.0,3,8,2,4,2,5,3.0,6,8,6
1048,"フィンテック グローバル株式会社",8789.0,0.0,2018.0,6,10,1,9,1,8,10.0,5,10,5
1049,"フィンテック グローバル株式会社",8789.0,-30.76923076923077,2018.0,1,10,1,9,1,9,10.0,5,10,5
1050,"フィンテック  グローバル株式会社",8789.0,-15.068493150684931,2018.0,3,10,1,8,1,9,10.0,5,10,5
1051,"フィンテック　グローバル株式会社",8789.0,-5.263157894736842,2019.0,5,10,1,8,1,9,10.0,7,10,5
1052,"フィンテック グローバル株式会社",8789.0,-10.0,2019.0,4,10,1,7,1,9,10.0,7,10,5
1053,"フィンテック　グローバル株式会社",8789.0,-6.666666666666667,2019.0,5,10,1,7,1,9,10.0,7,10,5
1054,"フィンテック  グローバル株式会社",8789.0,54.761904761904766,2019.0,10,10,1,7,1,9,10.0,8,10,5
1055,"フィンテック　グローバル株式会社",8789.0,-25.333333333333336,2020.0,2,10,1,8,1,9,10.0,5,10,5
1056,"フィンテック グローバル株式会社",8789.0,-15.789473684210526,2020.0,3,10,1,8,1,9,10.0,7,10,5
